"query_type","rank","fragment_id","fragment_smiles","pathogen_combination","pathogen_count","total_compounds_both_pathogens","total_tp_count","total_tn_count","total_fp_count","total_fn_count","overall_avg_attribution","overall_min_attribution","avg_inactivity_rate_percent","consistency_breakdown","pathogen_examples"
NEGATIVE SUBSTITUENTS,1,204855,COC1=CC=C2N=C(Cl)C=CC2=C1,C. albicans + E. coli (NOT S. aureus),2,28,0,28,0,0,-0.2879,-0.3808,100.00,c_albicans: 100.0% negative (15/15) | Range: -0.371 to -0.257 || c_albicans: 100.0% negative (15/15) | Range: -0.371 to -0.257 || c_albicans: 100.0% negative (15/15) | Range: -0.371 to -0.257 || c_albicans: 100.0% negative (15/15) | Range: -0.371 to -0.257 || c_albicans: 100.0% negative (15/15) | Range: -0.371 to -0.257 || c_albicans: 100.0% negative (15/15) | Range: -0.371 to -0.257 || c_albicans: 100.0% negative (15/15) | Range: -0.371 to -0.257 || c_albicans: 100.0% negative (15/15) | Range: -0.371 to -0.257 || c_albicans: 100.0% negative (15/15) | Range: -0.371 to -0.257 || c_albicans: 100.0% negative (15/15) | Range: -0.371 to -0.257 || c_albicans: 100.0% negative (15/15) | Range: -0.371 to -0.257 || c_albicans: 100.0% negative (15/15) | Range: -0.371 to -0.257 || c_albicans: 100.0% negative (15/15) | Range: -0.371 to -0.257 || c_albicans: 100.0% negative (15/15) | Range: -0.371 to -0.257 || c_albicans: 100.0% negative (15/15) | Range: -0.371 to -0.257 || c_albicans: 100.0% negative (15/15) | Range: -0.371 to -0.257 || c_albicans: 100.0% negative (15/15) | Range: -0.371 to -0.257 || c_albicans: 100.0% negative (15/15) | Range: -0.371 to -0.257 || c_albicans: 100.0% negative (15/15) | Range: -0.371 to -0.257 || c_albicans: 100.0% negative (15/15) | Range: -0.371 to -0.257 || c_albicans: 100.0% negative (15/15) | Range: -0.371 to -0.257 || c_albicans: 100.0% negative (15/15) | Range: -0.371 to -0.257 || c_albicans: 100.0% negative (15/15) | Range: -0.371 to -0.257 || c_albicans: 100.0% negative (15/15) | Range: -0.371 to -0.257 || c_albicans: 100.0% negative (15/15) | Range: -0.371 to -0.257 || c_albicans: 100.0% negative (15/15) | Range: -0.371 to -0.257 || c_albicans: 100.0% negative (15/15) | Range: -0.371 to -0.257 || c_albicans: 100.0% negative (15/15) | Range: -0.371 to -0.257 || e_coli: 100.0% negative (13/13) | Range: -0.381 to -0.158 || e_coli: 100.0% negative (13/13) | Range: -0.381 to -0.158 || e_coli: 100.0% negative (13/13) | Range: -0.381 to -0.158 || e_coli: 100.0% negative (13/13) | Range: -0.381 to -0.158 || e_coli: 100.0% negative (13/13) | Range: -0.381 to -0.158 || e_coli: 100.0% negative (13/13) | Range: -0.381 to -0.158 || e_coli: 100.0% negative (13/13) | Range: -0.381 to -0.158 || e_coli: 100.0% negative (13/13) | Range: -0.381 to -0.158 || e_coli: 100.0% negative (13/13) | Range: -0.381 to -0.158 || e_coli: 100.0% negative (13/13) | Range: -0.381 to -0.158 || e_coli: 100.0% negative (13/13) | Range: -0.381 to -0.158 || e_coli: 100.0% negative (13/13) | Range: -0.381 to -0.158 || e_coli: 100.0% negative (13/13) | Range: -0.381 to -0.158 || e_coli: 100.0% negative (13/13) | Range: -0.381 to -0.158 || e_coli: 100.0% negative (13/13) | Range: -0.381 to -0.158 || e_coli: 100.0% negative (13/13) | Range: -0.381 to -0.158 || e_coli: 100.0% negative (13/13) | Range: -0.381 to -0.158 || e_coli: 100.0% negative (13/13) | Range: -0.381 to -0.158 || e_coli: 100.0% negative (13/13) | Range: -0.381 to -0.158 || e_coli: 100.0% negative (13/13) | Range: -0.381 to -0.158 || e_coli: 100.0% negative (13/13) | Range: -0.381 to -0.158 || e_coli: 100.0% negative (13/13) | Range: -0.381 to -0.158 || e_coli: 100.0% negative (13/13) | Range: -0.381 to -0.158 || e_coli: 100.0% negative (13/13) | Range: -0.381 to -0.158 || e_coli: 100.0% negative (13/13) | Range: -0.381 to -0.158 || e_coli: 100.0% negative (13/13) | Range: -0.381 to -0.158 || e_coli: 100.0% negative (13/13) | Range: -0.381 to -0.158 || e_coli: 100.0% negative (13/13) | Range: -0.381 to -0.158,c_albicans Example: CHEMBL2283511 | SMILES: CCOC(=O)C1=C(N)N(NC2=CC=C(OC)C=C2)C2=C(C(=O)CC(C)(C)C2)C1C1=CC2=CC(OC)=CC=C2N=C1Cl | Target: 0 | Attribution: -0.371 | Prediction: 0.008 | MW: 577.1 || c_albicans Example: CHEMBL2283511 | SMILES: CCOC(=O)C1=C(N)N(NC2=CC=C(OC)C=C2)C2=C(C(=O)CC(C)(C)C2)C1C1=CC2=CC(OC)=CC=C2N=C1Cl | Target: 0 | Attribution: -0.371 | Prediction: 0.008 | MW: 577.1 || e_coli Example: CHEMBL2259842 | SMILES: COC1=CC=C2N=C(Cl)C(C3=C(C#N)C(N)=NC(SC4=CC=C(Cl)C=C4)=C3C#N)=CC2=C1 | Target: 0 | Attribution: -0.381 | Prediction: 0.151 | MW: 478.4 || e_coli Example: CHEMBL2259842 | SMILES: COC1=CC=C2N=C(Cl)C(C3=C(C#N)C(N)=NC(SC4=CC=C(Cl)C=C4)=C3C#N)=CC2=C1 | Target: 0 | Attribution: -0.381 | Prediction: 0.151 | MW: 478.4
NEGATIVE SUBSTITUENTS,2,205181,OB1C=CCO1,C. albicans + E. coli (NOT S. aureus),2,21,0,21,0,0,-0.2582,-0.3808,100.00,c_albicans: 68.0% negative (17/25) | Range: -0.188 to 0.026 || c_albicans: 68.0% negative (17/25) | Range: -0.188 to 0.026 || c_albicans: 68.0% negative (17/25) | Range: -0.188 to 0.026 || c_albicans: 68.0% negative (17/25) | Range: -0.188 to 0.026 || c_albicans: 68.0% negative (17/25) | Range: -0.188 to 0.026 || c_albicans: 68.0% negative (17/25) | Range: -0.188 to 0.026 || c_albicans: 68.0% negative (17/25) | Range: -0.188 to 0.026 || c_albicans: 68.0% negative (17/25) | Range: -0.188 to 0.026 || c_albicans: 68.0% negative (17/25) | Range: -0.188 to 0.026 || c_albicans: 68.0% negative (17/25) | Range: -0.188 to 0.026 || c_albicans: 68.0% negative (17/25) | Range: -0.188 to 0.026 || c_albicans: 68.0% negative (17/25) | Range: -0.188 to 0.026 || c_albicans: 68.0% negative (17/25) | Range: -0.188 to 0.026 || c_albicans: 68.0% negative (17/25) | Range: -0.188 to 0.026 || c_albicans: 68.0% negative (17/25) | Range: -0.188 to 0.026 || c_albicans: 68.0% negative (17/25) | Range: -0.188 to 0.026 || c_albicans: 68.0% negative (17/25) | Range: -0.188 to 0.026 || c_albicans: 68.0% negative (17/25) | Range: -0.188 to 0.026 || c_albicans: 68.0% negative (17/25) | Range: -0.188 to 0.026 || c_albicans: 68.0% negative (17/25) | Range: -0.188 to 0.026 || c_albicans: 68.0% negative (17/25) | Range: -0.188 to 0.026 || e_coli: 57.1% negative (4/7) | Range: -0.381 to 0.140 || e_coli: 57.1% negative (4/7) | Range: -0.381 to 0.140 || e_coli: 57.1% negative (4/7) | Range: -0.381 to 0.140 || e_coli: 57.1% negative (4/7) | Range: -0.381 to 0.140 || e_coli: 57.1% negative (4/7) | Range: -0.381 to 0.140 || e_coli: 57.1% negative (4/7) | Range: -0.381 to 0.140 || e_coli: 57.1% negative (4/7) | Range: -0.381 to 0.140 || e_coli: 57.1% negative (4/7) | Range: -0.381 to 0.140 || e_coli: 57.1% negative (4/7) | Range: -0.381 to 0.140 || e_coli: 57.1% negative (4/7) | Range: -0.381 to 0.140 || e_coli: 57.1% negative (4/7) | Range: -0.381 to 0.140 || e_coli: 57.1% negative (4/7) | Range: -0.381 to 0.140 || e_coli: 57.1% negative (4/7) | Range: -0.381 to 0.140 || e_coli: 57.1% negative (4/7) | Range: -0.381 to 0.140 || e_coli: 57.1% negative (4/7) | Range: -0.381 to 0.140 || e_coli: 57.1% negative (4/7) | Range: -0.381 to 0.140 || e_coli: 57.1% negative (4/7) | Range: -0.381 to 0.140 || e_coli: 57.1% negative (4/7) | Range: -0.381 to 0.140 || e_coli: 57.1% negative (4/7) | Range: -0.381 to 0.140 || e_coli: 57.1% negative (4/7) | Range: -0.381 to 0.140 || e_coli: 57.1% negative (4/7) | Range: -0.381 to 0.140,c_albicans Example: CHEMBL5394756 | SMILES: OB1OCC=C1C1=CC=CC(Br)=C1 | Target: 0 | Attribution: -0.188 | Prediction: 0.003 | MW: 238.9 || c_albicans Example: CHEMBL5394756 | SMILES: OB1OCC=C1C1=CC=CC(Br)=C1 | Target: 0 | Attribution: -0.188 | Prediction: 0.003 | MW: 238.9 || e_coli Example: CHEMBL5429114 | SMILES: OB1OCC=C1C1=CC=CC(I)=C1 | Target: 0 | Attribution: -0.381 | Prediction: 0.133 | MW: 285.9 || e_coli Example: CHEMBL5429114 | SMILES: OB1OCC=C1C1=CC=CC(I)=C1 | Target: 0 | Attribution: -0.381 | Prediction: 0.133 | MW: 285.9
NEGATIVE SUBSTITUENTS,3,208555,COC1=CC=C(/N=N/C2=CC=CC=C2)C=C1,C. albicans + E. coli (NOT S. aureus),2,18,0,18,0,0,-0.1789,-0.2456,100.00,c_albicans: 100.0% negative (12/12) | Range: -0.246 to -0.164 || c_albicans: 100.0% negative (12/12) | Range: -0.246 to -0.164 || c_albicans: 100.0% negative (12/12) | Range: -0.246 to -0.164 || c_albicans: 100.0% negative (12/12) | Range: -0.246 to -0.164 || c_albicans: 100.0% negative (12/12) | Range: -0.246 to -0.164 || c_albicans: 100.0% negative (12/12) | Range: -0.246 to -0.164 || c_albicans: 100.0% negative (12/12) | Range: -0.246 to -0.164 || c_albicans: 100.0% negative (12/12) | Range: -0.246 to -0.164 || c_albicans: 100.0% negative (12/12) | Range: -0.246 to -0.164 || c_albicans: 100.0% negative (12/12) | Range: -0.246 to -0.164 || c_albicans: 100.0% negative (12/12) | Range: -0.246 to -0.164 || c_albicans: 100.0% negative (12/12) | Range: -0.246 to -0.164 || c_albicans: 100.0% negative (12/12) | Range: -0.246 to -0.164 || c_albicans: 100.0% negative (12/12) | Range: -0.246 to -0.164 || c_albicans: 100.0% negative (12/12) | Range: -0.246 to -0.164 || c_albicans: 100.0% negative (12/12) | Range: -0.246 to -0.164 || c_albicans: 100.0% negative (12/12) | Range: -0.246 to -0.164 || c_albicans: 100.0% negative (12/12) | Range: -0.246 to -0.164 || e_coli: 60.0% negative (6/10) | Range: -0.184 to 0.137 || e_coli: 60.0% negative (6/10) | Range: -0.184 to 0.137 || e_coli: 60.0% negative (6/10) | Range: -0.184 to 0.137 || e_coli: 60.0% negative (6/10) | Range: -0.184 to 0.137 || e_coli: 60.0% negative (6/10) | Range: -0.184 to 0.137 || e_coli: 60.0% negative (6/10) | Range: -0.184 to 0.137 || e_coli: 60.0% negative (6/10) | Range: -0.184 to 0.137 || e_coli: 60.0% negative (6/10) | Range: -0.184 to 0.137 || e_coli: 60.0% negative (6/10) | Range: -0.184 to 0.137 || e_coli: 60.0% negative (6/10) | Range: -0.184 to 0.137 || e_coli: 60.0% negative (6/10) | Range: -0.184 to 0.137 || e_coli: 60.0% negative (6/10) | Range: -0.184 to 0.137 || e_coli: 60.0% negative (6/10) | Range: -0.184 to 0.137 || e_coli: 60.0% negative (6/10) | Range: -0.184 to 0.137 || e_coli: 60.0% negative (6/10) | Range: -0.184 to 0.137 || e_coli: 60.0% negative (6/10) | Range: -0.184 to 0.137 || e_coli: 60.0% negative (6/10) | Range: -0.184 to 0.137 || e_coli: 60.0% negative (6/10) | Range: -0.184 to 0.137,c_albicans Example: CHEMBL2030427 | SMILES: CCOC(=O)[C@H]1C[C@@H]2COC3=CC=C(/N=N/C4=CC=CC=C4)C=C3[C@@H]2N1CC | Target: 0 | Attribution: -0.246 | Prediction: 0.018 | MW: 379.5 || c_albicans Example: CHEMBL2030427 | SMILES: CCOC(=O)[C@H]1C[C@@H]2COC3=CC=C(/N=N/C4=CC=CC=C4)C=C3[C@@H]2N1CC | Target: 0 | Attribution: -0.246 | Prediction: 0.018 | MW: 379.5 || e_coli Example: CHEMBL2030420 | SMILES: COC(=O)[C@H]1C[C@@H]2COC3=CC=C(/N=N/C4=CC=CC=C4)C=C3[C@@H]2N1CC1=CC=CC=C1 | Target: 0 | Attribution: -0.184 | Prediction: 0.050 | MW: 427.5 || e_coli Example: CHEMBL2030420 | SMILES: COC(=O)[C@H]1C[C@@H]2COC3=CC=C(/N=N/C4=CC=CC=C4)C=C3[C@@H]2N1CC1=CC=CC=C1 | Target: 0 | Attribution: -0.184 | Prediction: 0.050 | MW: 427.5
NEGATIVE SUBSTITUENTS,4,208557,C-C-C(/N=N/C1=CC=CC=C1)-C,C. albicans + E. coli (NOT S. aureus),2,14,0,14,0,0,-0.1733,-0.2273,100.00,c_albicans: 91.7% negative (11/12) | Range: -0.227 to -0.095 || c_albicans: 91.7% negative (11/12) | Range: -0.227 to -0.095 || c_albicans: 91.7% negative (11/12) | Range: -0.227 to -0.095 || c_albicans: 91.7% negative (11/12) | Range: -0.227 to -0.095 || c_albicans: 91.7% negative (11/12) | Range: -0.227 to -0.095 || c_albicans: 91.7% negative (11/12) | Range: -0.227 to -0.095 || c_albicans: 91.7% negative (11/12) | Range: -0.227 to -0.095 || c_albicans: 91.7% negative (11/12) | Range: -0.227 to -0.095 || c_albicans: 91.7% negative (11/12) | Range: -0.227 to -0.095 || c_albicans: 91.7% negative (11/12) | Range: -0.227 to -0.095 || c_albicans: 91.7% negative (11/12) | Range: -0.227 to -0.095 || c_albicans: 91.7% negative (11/12) | Range: -0.227 to -0.095 || c_albicans: 91.7% negative (11/12) | Range: -0.227 to -0.095 || c_albicans: 91.7% negative (11/12) | Range: -0.227 to -0.095 || e_coli: 30.0% negative (3/10) | Range: -0.223 to 0.362 || e_coli: 30.0% negative (3/10) | Range: -0.223 to 0.362 || e_coli: 30.0% negative (3/10) | Range: -0.223 to 0.362 || e_coli: 30.0% negative (3/10) | Range: -0.223 to 0.362 || e_coli: 30.0% negative (3/10) | Range: -0.223 to 0.362 || e_coli: 30.0% negative (3/10) | Range: -0.223 to 0.362 || e_coli: 30.0% negative (3/10) | Range: -0.223 to 0.362 || e_coli: 30.0% negative (3/10) | Range: -0.223 to 0.362 || e_coli: 30.0% negative (3/10) | Range: -0.223 to 0.362 || e_coli: 30.0% negative (3/10) | Range: -0.223 to 0.362 || e_coli: 30.0% negative (3/10) | Range: -0.223 to 0.362 || e_coli: 30.0% negative (3/10) | Range: -0.223 to 0.362 || e_coli: 30.0% negative (3/10) | Range: -0.223 to 0.362 || e_coli: 30.0% negative (3/10) | Range: -0.223 to 0.362,c_albicans Example: CHEMBL2030427 | SMILES: CCOC(=O)[C@H]1C[C@@H]2COC3=CC=C(/N=N/C4=CC=CC=C4)C=C3[C@@H]2N1CC | Target: 0 | Attribution: -0.227 | Prediction: 0.018 | MW: 379.5 || c_albicans Example: CHEMBL2030427 | SMILES: CCOC(=O)[C@H]1C[C@@H]2COC3=CC=C(/N=N/C4=CC=CC=C4)C=C3[C@@H]2N1CC | Target: 0 | Attribution: -0.227 | Prediction: 0.018 | MW: 379.5 || e_coli Example: CHEMBL2030425 | SMILES: CCCCOC(=O)[C@H]1C[C@@H]2COC3=CC=C(/N=N/C4=CC=CC=C4)C=C3[C@@H]2N1C | Target: 0 | Attribution: -0.223 | Prediction: 0.211 | MW: 393.5 || e_coli Example: CHEMBL2030425 | SMILES: CCCCOC(=O)[C@H]1C[C@@H]2COC3=CC=C(/N=N/C4=CC=CC=C4)C=C3[C@@H]2N1C | Target: 0 | Attribution: -0.223 | Prediction: 0.211 | MW: 393.5
NEGATIVE SUBSTITUENTS,5,208759,CCOC(=O)C(=CN)CC1=CC2=CC(OC)=CC=C2N=C1Cl,C. albicans + E. coli (NOT S. aureus),2,12,0,12,0,0,-0.2847,-0.3641,100.00,c_albicans: 100.0% negative (6/6) | Range: -0.274 to -0.253 || c_albicans: 100.0% negative (6/6) | Range: -0.274 to -0.253 || c_albicans: 100.0% negative (6/6) | Range: -0.274 to -0.253 || c_albicans: 100.0% negative (6/6) | Range: -0.274 to -0.253 || c_albicans: 100.0% negative (6/6) | Range: -0.274 to -0.253 || c_albicans: 100.0% negative (6/6) | Range: -0.274 to -0.253 || c_albicans: 100.0% negative (6/6) | Range: -0.274 to -0.253 || c_albicans: 100.0% negative (6/6) | Range: -0.274 to -0.253 || c_albicans: 100.0% negative (6/6) | Range: -0.274 to -0.253 || c_albicans: 100.0% negative (6/6) | Range: -0.274 to -0.253 || c_albicans: 100.0% negative (6/6) | Range: -0.274 to -0.253 || c_albicans: 100.0% negative (6/6) | Range: -0.274 to -0.253 || e_coli: 100.0% negative (6/6) | Range: -0.364 to -0.281 || e_coli: 100.0% negative (6/6) | Range: -0.364 to -0.281 || e_coli: 100.0% negative (6/6) | Range: -0.364 to -0.281 || e_coli: 100.0% negative (6/6) | Range: -0.364 to -0.281 || e_coli: 100.0% negative (6/6) | Range: -0.364 to -0.281 || e_coli: 100.0% negative (6/6) | Range: -0.364 to -0.281 || e_coli: 100.0% negative (6/6) | Range: -0.364 to -0.281 || e_coli: 100.0% negative (6/6) | Range: -0.364 to -0.281 || e_coli: 100.0% negative (6/6) | Range: -0.364 to -0.281 || e_coli: 100.0% negative (6/6) | Range: -0.364 to -0.281 || e_coli: 100.0% negative (6/6) | Range: -0.364 to -0.281 || e_coli: 100.0% negative (6/6) | Range: -0.364 to -0.281,c_albicans Example: CHEMBL2281541 | SMILES: CCOC(=O)C1=C(N)N(NC2=CC=C(C)C=C2)C2=C(C(=O)CC(C)(C)C2)C1C1=CC2=CC(OC)=CC=C2N=C1Cl | Target: 0 | Attribution: -0.274 | Prediction: 0.008 | MW: 561.1 || c_albicans Example: CHEMBL2281541 | SMILES: CCOC(=O)C1=C(N)N(NC2=CC=C(C)C=C2)C2=C(C(=O)CC(C)(C)C2)C1C1=CC2=CC(OC)=CC=C2N=C1Cl | Target: 0 | Attribution: -0.274 | Prediction: 0.008 | MW: 561.1 || e_coli Example: CHEMBL2283522 | SMILES: CCOC(=O)C1=C(N)N(NC2=CC=C(Cl)C=C2)C2=C(C(=O)CC(C)(C)C2)C1C1=CC2=CC(OC)=CC=C2N=C1Cl | Target: 0 | Attribution: -0.364 | Prediction: 0.067 | MW: 581.5 || e_coli Example: CHEMBL2283522 | SMILES: CCOC(=O)C1=C(N)N(NC2=CC=C(Cl)C=C2)C2=C(C(=O)CC(C)(C)C2)C1C1=CC2=CC(OC)=CC=C2N=C1Cl | Target: 0 | Attribution: -0.364 | Prediction: 0.067 | MW: 581.5
NEGATIVE SUBSTITUENTS,6,169286,C-C(C(=O)NC1=CC=CC=C1C(=O)O)-O,C. albicans + E. coli (NOT S. aureus),2,12,0,12,0,0,-0.2613,-0.3741,100.00,c_albicans: 100.0% negative (6/6) | Range: -0.169 to -0.115 || c_albicans: 100.0% negative (6/6) | Range: -0.169 to -0.115 || c_albicans: 100.0% negative (6/6) | Range: -0.169 to -0.115 || c_albicans: 100.0% negative (6/6) | Range: -0.169 to -0.115 || c_albicans: 100.0% negative (6/6) | Range: -0.169 to -0.115 || c_albicans: 100.0% negative (6/6) | Range: -0.169 to -0.115 || c_albicans: 100.0% negative (6/6) | Range: -0.169 to -0.115 || c_albicans: 100.0% negative (6/6) | Range: -0.169 to -0.115 || c_albicans: 100.0% negative (6/6) | Range: -0.169 to -0.115 || c_albicans: 100.0% negative (6/6) | Range: -0.169 to -0.115 || c_albicans: 100.0% negative (6/6) | Range: -0.169 to -0.115 || c_albicans: 100.0% negative (6/6) | Range: -0.169 to -0.115 || e_coli: 100.0% negative (6/6) | Range: -0.374 to -0.365 || e_coli: 100.0% negative (6/6) | Range: -0.374 to -0.365 || e_coli: 100.0% negative (6/6) | Range: -0.374 to -0.365 || e_coli: 100.0% negative (6/6) | Range: -0.374 to -0.365 || e_coli: 100.0% negative (6/6) | Range: -0.374 to -0.365 || e_coli: 100.0% negative (6/6) | Range: -0.374 to -0.365 || e_coli: 100.0% negative (6/6) | Range: -0.374 to -0.365 || e_coli: 100.0% negative (6/6) | Range: -0.374 to -0.365 || e_coli: 100.0% negative (6/6) | Range: -0.374 to -0.365 || e_coli: 100.0% negative (6/6) | Range: -0.374 to -0.365 || e_coli: 100.0% negative (6/6) | Range: -0.374 to -0.365 || e_coli: 100.0% negative (6/6) | Range: -0.374 to -0.365,c_albicans Example: CS000296720 | SMILES: Cc1ccc2oc(C(=O)Nc3ccccc3C(=O)O)cc2c1 | Target: 0 | Attribution: -0.169 | Prediction: 0.018 | MW: 295.3 || c_albicans Example: CS000296720 | SMILES: Cc1ccc2oc(C(=O)Nc3ccccc3C(=O)O)cc2c1 | Target: 0 | Attribution: -0.169 | Prediction: 0.018 | MW: 295.3 || e_coli Example: CS000345772 | SMILES: O=C(Nc1ccccc1C(=O)O)c1cc2cc(Cl)ccc2o1 | Target: 0 | Attribution: -0.374 | Prediction: 0.073 | MW: 315.7 || e_coli Example: CS000345772 | SMILES: O=C(Nc1ccccc1C(=O)O)c1cc2cc(Cl)ccc2o1 | Target: 0 | Attribution: -0.374 | Prediction: 0.073 | MW: 315.7
NEGATIVE SUBSTITUENTS,7,209368,CCOC(=O)C(=CN)CC1=CC2=CC(Cl)=CC=C2N=C1Cl,C. albicans + E. coli (NOT S. aureus),2,12,0,12,0,0,-0.2489,-0.3461,100.00,c_albicans: 100.0% negative (6/6) | Range: -0.226 to -0.207 || c_albicans: 100.0% negative (6/6) | Range: -0.226 to -0.207 || c_albicans: 100.0% negative (6/6) | Range: -0.226 to -0.207 || c_albicans: 100.0% negative (6/6) | Range: -0.226 to -0.207 || c_albicans: 100.0% negative (6/6) | Range: -0.226 to -0.207 || c_albicans: 100.0% negative (6/6) | Range: -0.226 to -0.207 || c_albicans: 100.0% negative (6/6) | Range: -0.226 to -0.207 || c_albicans: 100.0% negative (6/6) | Range: -0.226 to -0.207 || c_albicans: 100.0% negative (6/6) | Range: -0.226 to -0.207 || c_albicans: 100.0% negative (6/6) | Range: -0.226 to -0.207 || c_albicans: 100.0% negative (6/6) | Range: -0.226 to -0.207 || c_albicans: 100.0% negative (6/6) | Range: -0.226 to -0.207 || e_coli: 100.0% negative (6/6) | Range: -0.346 to -0.249 || e_coli: 100.0% negative (6/6) | Range: -0.346 to -0.249 || e_coli: 100.0% negative (6/6) | Range: -0.346 to -0.249 || e_coli: 100.0% negative (6/6) | Range: -0.346 to -0.249 || e_coli: 100.0% negative (6/6) | Range: -0.346 to -0.249 || e_coli: 100.0% negative (6/6) | Range: -0.346 to -0.249 || e_coli: 100.0% negative (6/6) | Range: -0.346 to -0.249 || e_coli: 100.0% negative (6/6) | Range: -0.346 to -0.249 || e_coli: 100.0% negative (6/6) | Range: -0.346 to -0.249 || e_coli: 100.0% negative (6/6) | Range: -0.346 to -0.249 || e_coli: 100.0% negative (6/6) | Range: -0.346 to -0.249 || e_coli: 100.0% negative (6/6) | Range: -0.346 to -0.249,c_albicans Example: CHEMBL2281542 | SMILES: CCOC(=O)C1=C(N)N(NC2=CC=C(C)C=C2)C2=C(C(=O)CC(C)(C)C2)C1C1=CC2=CC(Cl)=CC=C2N=C1Cl | Target: 0 | Attribution: -0.226 | Prediction: 0.008 | MW: 565.5 || c_albicans Example: CHEMBL2281542 | SMILES: CCOC(=O)C1=C(N)N(NC2=CC=C(C)C=C2)C2=C(C(=O)CC(C)(C)C2)C1C1=CC2=CC(Cl)=CC=C2N=C1Cl | Target: 0 | Attribution: -0.226 | Prediction: 0.008 | MW: 565.5 || e_coli Example: CHEMBL2283523 | SMILES: CCOC(=O)C1=C(N)N(NC2=CC=C(Cl)C=C2)C2=C(C(=O)CC(C)(C)C2)C1C1=CC2=CC(Cl)=CC=C2N=C1Cl | Target: 0 | Attribution: -0.346 | Prediction: 0.073 | MW: 585.9 || e_coli Example: CHEMBL2283523 | SMILES: CCOC(=O)C1=C(N)N(NC2=CC=C(Cl)C=C2)C2=C(C(=O)CC(C)(C)C2)C1C1=CC2=CC(Cl)=CC=C2N=C1Cl | Target: 0 | Attribution: -0.346 | Prediction: 0.073 | MW: 585.9
NEGATIVE SUBSTITUENTS,8,205231,N#CC(=CN)CC1=CC2=CC=CC=C2N=C1Cl,C. albicans + E. coli (NOT S. aureus),2,12,0,12,0,0,-0.2140,-0.3712,100.00,c_albicans: 100.0% negative (6/6) | Range: -0.154 to -0.135 || c_albicans: 100.0% negative (6/6) | Range: -0.154 to -0.135 || c_albicans: 100.0% negative (6/6) | Range: -0.154 to -0.135 || c_albicans: 100.0% negative (6/6) | Range: -0.154 to -0.135 || c_albicans: 100.0% negative (6/6) | Range: -0.154 to -0.135 || c_albicans: 100.0% negative (6/6) | Range: -0.154 to -0.135 || c_albicans: 100.0% negative (6/6) | Range: -0.154 to -0.135 || c_albicans: 100.0% negative (6/6) | Range: -0.154 to -0.135 || c_albicans: 100.0% negative (6/6) | Range: -0.154 to -0.135 || c_albicans: 100.0% negative (6/6) | Range: -0.154 to -0.135 || c_albicans: 100.0% negative (6/6) | Range: -0.154 to -0.135 || c_albicans: 100.0% negative (6/6) | Range: -0.154 to -0.135 || e_coli: 100.0% negative (6/6) | Range: -0.371 to -0.258 || e_coli: 100.0% negative (6/6) | Range: -0.371 to -0.258 || e_coli: 100.0% negative (6/6) | Range: -0.371 to -0.258 || e_coli: 100.0% negative (6/6) | Range: -0.371 to -0.258 || e_coli: 100.0% negative (6/6) | Range: -0.371 to -0.258 || e_coli: 100.0% negative (6/6) | Range: -0.371 to -0.258 || e_coli: 100.0% negative (6/6) | Range: -0.371 to -0.258 || e_coli: 100.0% negative (6/6) | Range: -0.371 to -0.258 || e_coli: 100.0% negative (6/6) | Range: -0.371 to -0.258 || e_coli: 100.0% negative (6/6) | Range: -0.371 to -0.258 || e_coli: 100.0% negative (6/6) | Range: -0.371 to -0.258 || e_coli: 100.0% negative (6/6) | Range: -0.371 to -0.258,c_albicans Example: CHEMBL2041012 | SMILES: CC1(C)CC(=O)C2=C(C1)N(NC1=CC=C(Br)C=C1)C(N)=C(C#N)C2C1=CC2=CC=CC=C2N=C1Cl | Target: 0 | Attribution: -0.154 | Prediction: 0.006 | MW: 548.9 || c_albicans Example: CHEMBL2041012 | SMILES: CC1(C)CC(=O)C2=C(C1)N(NC1=CC=C(Br)C=C1)C(N)=C(C#N)C2C1=CC2=CC=CC=C2N=C1Cl | Target: 0 | Attribution: -0.154 | Prediction: 0.006 | MW: 548.9 || e_coli Example: CHEMBL2040927 | SMILES: CC1(C)CC(=O)C2=C(C1)N(NC1=CC=C(Cl)C=C1)C(N)=C(C#N)C2C1=CC2=CC=CC=C2N=C1Cl | Target: 0 | Attribution: -0.371 | Prediction: 0.056 | MW: 504.4 || e_coli Example: CHEMBL2040927 | SMILES: CC1(C)CC(=O)C2=C(C1)N(NC1=CC=C(Cl)C=C1)C(N)=C(C#N)C2C1=CC2=CC=CC=C2N=C1Cl | Target: 0 | Attribution: -0.371 | Prediction: 0.056 | MW: 504.4
NEGATIVE SUBSTITUENTS,9,220731,CCOC(=O)C(=CN)CC1=CC2=CC(C)=CC=C2N=C1Cl,C. albicans + E. coli (NOT S. aureus),2,11,0,11,0,0,-0.2524,-0.2704,100.00,c_albicans: 100.0% negative (6/6) | Range: -0.244 to -0.230 || c_albicans: 100.0% negative (6/6) | Range: -0.244 to -0.230 || c_albicans: 100.0% negative (6/6) | Range: -0.244 to -0.230 || c_albicans: 100.0% negative (6/6) | Range: -0.244 to -0.230 || c_albicans: 100.0% negative (6/6) | Range: -0.244 to -0.230 || c_albicans: 100.0% negative (6/6) | Range: -0.244 to -0.230 || c_albicans: 100.0% negative (6/6) | Range: -0.244 to -0.230 || c_albicans: 100.0% negative (6/6) | Range: -0.244 to -0.230 || c_albicans: 100.0% negative (6/6) | Range: -0.244 to -0.230 || c_albicans: 100.0% negative (6/6) | Range: -0.244 to -0.230 || c_albicans: 100.0% negative (6/6) | Range: -0.244 to -0.230 || e_coli: 100.0% negative (5/5) | Range: -0.270 to -0.260 || e_coli: 100.0% negative (5/5) | Range: -0.270 to -0.260 || e_coli: 100.0% negative (5/5) | Range: -0.270 to -0.260 || e_coli: 100.0% negative (5/5) | Range: -0.270 to -0.260 || e_coli: 100.0% negative (5/5) | Range: -0.270 to -0.260 || e_coli: 100.0% negative (5/5) | Range: -0.270 to -0.260 || e_coli: 100.0% negative (5/5) | Range: -0.270 to -0.260 || e_coli: 100.0% negative (5/5) | Range: -0.270 to -0.260 || e_coli: 100.0% negative (5/5) | Range: -0.270 to -0.260 || e_coli: 100.0% negative (5/5) | Range: -0.270 to -0.260 || e_coli: 100.0% negative (5/5) | Range: -0.270 to -0.260,c_albicans Example: CHEMBL2281540 | SMILES: CCOC(=O)C1=C(N)N(NC2=CC=C(C)C=C2)C2=C(C(=O)CC(C)(C)C2)C1C1=CC2=CC(C)=CC=C2N=C1Cl | Target: 0 | Attribution: -0.244 | Prediction: 0.007 | MW: 545.1 || c_albicans Example: CHEMBL2281540 | SMILES: CCOC(=O)C1=C(N)N(NC2=CC=C(C)C=C2)C2=C(C(=O)CC(C)(C)C2)C1C1=CC2=CC(C)=CC=C2N=C1Cl | Target: 0 | Attribution: -0.244 | Prediction: 0.007 | MW: 545.1 || e_coli Example: CHEMBL2283510 | SMILES: CCOC(=O)C1=C(N)N(NC2=CC=C(OC)C=C2)C2=C(C(=O)CC(C)(C)C2)C1C1=CC2=CC(C)=CC=C2N=C1Cl | Target: 0 | Attribution: -0.270 | Prediction: 0.064 | MW: 561.1 || e_coli Example: CHEMBL2283510 | SMILES: CCOC(=O)C1=C(N)N(NC2=CC=C(OC)C=C2)C2=C(C(=O)CC(C)(C)C2)C1C1=CC2=CC(C)=CC=C2N=C1Cl | Target: 0 | Attribution: -0.270 | Prediction: 0.064 | MW: 561.1
NEGATIVE SUBSTITUENTS,10,207170,CCOC(=O)C(=CN)CC1=CC2=CC=CC=C2N=C1Cl,C. albicans + E. coli (NOT S. aureus),2,10,0,10,0,0,-0.2879,-0.3727,100.00,c_albicans: 100.0% negative (6/6) | Range: -0.284 to -0.268 || c_albicans: 100.0% negative (6/6) | Range: -0.284 to -0.268 || c_albicans: 100.0% negative (6/6) | Range: -0.284 to -0.268 || c_albicans: 100.0% negative (6/6) | Range: -0.284 to -0.268 || c_albicans: 100.0% negative (6/6) | Range: -0.284 to -0.268 || c_albicans: 100.0% negative (6/6) | Range: -0.284 to -0.268 || c_albicans: 100.0% negative (6/6) | Range: -0.284 to -0.268 || c_albicans: 100.0% negative (6/6) | Range: -0.284 to -0.268 || c_albicans: 100.0% negative (6/6) | Range: -0.284 to -0.268 || c_albicans: 100.0% negative (6/6) | Range: -0.284 to -0.268 || e_coli: 100.0% negative (4/4) | Range: -0.373 to -0.269 || e_coli: 100.0% negative (4/4) | Range: -0.373 to -0.269 || e_coli: 100.0% negative (4/4) | Range: -0.373 to -0.269 || e_coli: 100.0% negative (4/4) | Range: -0.373 to -0.269 || e_coli: 100.0% negative (4/4) | Range: -0.373 to -0.269 || e_coli: 100.0% negative (4/4) | Range: -0.373 to -0.269 || e_coli: 100.0% negative (4/4) | Range: -0.373 to -0.269 || e_coli: 100.0% negative (4/4) | Range: -0.373 to -0.269 || e_coli: 100.0% negative (4/4) | Range: -0.373 to -0.269 || e_coli: 100.0% negative (4/4) | Range: -0.373 to -0.269,c_albicans Example: CHEMBL2283509 | SMILES: CCOC(=O)C1=C(N)N(NC2=CC=C(OC)C=C2)C2=C(C(=O)CC(C)(C)C2)C1C1=CC2=CC=CC=C2N=C1Cl | Target: 0 | Attribution: -0.284 | Prediction: 0.009 | MW: 547.1 || c_albicans Example: CHEMBL2283509 | SMILES: CCOC(=O)C1=C(N)N(NC2=CC=C(OC)C=C2)C2=C(C(=O)CC(C)(C)C2)C1C1=CC2=CC=CC=C2N=C1Cl | Target: 0 | Attribution: -0.284 | Prediction: 0.009 | MW: 547.1 || e_coli Example: CHEMBL2283520 | SMILES: CCOC(=O)C1=C(N)N(NC2=CC=C(Cl)C=C2)C2=C(C(=O)CC(C)(C)C2)C1C1=CC2=CC=CC=C2N=C1Cl | Target: 0 | Attribution: -0.373 | Prediction: 0.081 | MW: 551.5 || e_coli Example: CHEMBL2283520 | SMILES: CCOC(=O)C1=C(N)N(NC2=CC=C(Cl)C=C2)C2=C(C(=O)CC(C)(C)C2)C1C1=CC2=CC=CC=C2N=C1Cl | Target: 0 | Attribution: -0.373 | Prediction: 0.081 | MW: 551.5
NEGATIVE SUBSTITUENTS,11,205795,CC1=CC=C2N=C(N3CCOCC3)C=CC2=C1,C. albicans + E. coli (NOT S. aureus),2,10,0,10,0,0,-0.2219,-0.2872,100.00,c_albicans: 58.3% negative (7/12) | Range: -0.210 to -0.065 || c_albicans: 58.3% negative (7/12) | Range: -0.210 to -0.065 || c_albicans: 58.3% negative (7/12) | Range: -0.210 to -0.065 || c_albicans: 58.3% negative (7/12) | Range: -0.210 to -0.065 || c_albicans: 58.3% negative (7/12) | Range: -0.210 to -0.065 || c_albicans: 58.3% negative (7/12) | Range: -0.210 to -0.065 || c_albicans: 58.3% negative (7/12) | Range: -0.210 to -0.065 || c_albicans: 58.3% negative (7/12) | Range: -0.210 to -0.065 || c_albicans: 58.3% negative (7/12) | Range: -0.210 to -0.065 || c_albicans: 58.3% negative (7/12) | Range: -0.210 to -0.065 || e_coli: 60.0% negative (3/5) | Range: -0.287 to 0.044 || e_coli: 60.0% negative (3/5) | Range: -0.287 to 0.044 || e_coli: 60.0% negative (3/5) | Range: -0.287 to 0.044 || e_coli: 60.0% negative (3/5) | Range: -0.287 to 0.044 || e_coli: 60.0% negative (3/5) | Range: -0.287 to 0.044 || e_coli: 60.0% negative (3/5) | Range: -0.287 to 0.044 || e_coli: 60.0% negative (3/5) | Range: -0.287 to 0.044 || e_coli: 60.0% negative (3/5) | Range: -0.287 to 0.044 || e_coli: 60.0% negative (3/5) | Range: -0.287 to 0.044 || e_coli: 60.0% negative (3/5) | Range: -0.287 to 0.044,c_albicans Example: CHEMBL1834820 | SMILES: CC1=CC=C2N=C(N3CCOCC3)C(C3C(C#N)=C(N)OC4=CC(O)=CC=C43)=CC2=C1 | Target: 0 | Attribution: -0.210 | Prediction: 0.007 | MW: 414.5 || c_albicans Example: CHEMBL1834820 | SMILES: CC1=CC=C2N=C(N3CCOCC3)C(C3C(C#N)=C(N)OC4=CC(O)=CC=C43)=CC2=C1 | Target: 0 | Attribution: -0.210 | Prediction: 0.007 | MW: 414.5 || e_coli Example: CHEMBL1834823 | SMILES: CC1=CC=C2N=C(N3CCOCC3)C(C3C(C#N)=C(N)OC4=C3C(=O)CCC4)=CC2=C1 | Target: 0 | Attribution: -0.287 | Prediction: 0.022 | MW: 416.5 || e_coli Example: CHEMBL1834823 | SMILES: CC1=CC=C2N=C(N3CCOCC3)C(C3C(C#N)=C(N)OC4=C3C(=O)CCC4)=CC2=C1 | Target: 0 | Attribution: -0.287 | Prediction: 0.022 | MW: 416.5
NEGATIVE SUBSTITUENTS,12,206351,OC1(C2=CC=C(C3=CC=CC=C3)C=C2)C[N+]=C2CCCCCN21,C. albicans + E. coli (NOT S. aureus),2,10,0,10,0,0,-0.1663,-0.2711,100.00,c_albicans: 85.7% negative (6/7) | Range: -0.271 to 0.086 || c_albicans: 85.7% negative (6/7) | Range: -0.271 to 0.086 || c_albicans: 85.7% negative (6/7) | Range: -0.271 to 0.086 || c_albicans: 85.7% negative (6/7) | Range: -0.271 to 0.086 || c_albicans: 85.7% negative (6/7) | Range: -0.271 to 0.086 || c_albicans: 85.7% negative (6/7) | Range: -0.271 to 0.086 || c_albicans: 85.7% negative (6/7) | Range: -0.271 to 0.086 || c_albicans: 85.7% negative (6/7) | Range: -0.271 to 0.086 || c_albicans: 85.7% negative (6/7) | Range: -0.271 to 0.086 || c_albicans: 85.7% negative (6/7) | Range: -0.271 to 0.086 || e_coli: 40.0% negative (4/10) | Range: -0.185 to -0.052 || e_coli: 40.0% negative (4/10) | Range: -0.185 to -0.052 || e_coli: 40.0% negative (4/10) | Range: -0.185 to -0.052 || e_coli: 40.0% negative (4/10) | Range: -0.185 to -0.052 || e_coli: 40.0% negative (4/10) | Range: -0.185 to -0.052 || e_coli: 40.0% negative (4/10) | Range: -0.185 to -0.052 || e_coli: 40.0% negative (4/10) | Range: -0.185 to -0.052 || e_coli: 40.0% negative (4/10) | Range: -0.185 to -0.052 || e_coli: 40.0% negative (4/10) | Range: -0.185 to -0.052 || e_coli: 40.0% negative (4/10) | Range: -0.185 to -0.052,c_albicans Example: CS000247668 | SMILES: OC1(C2=CC=C(C3=CC=CC=C3)C=C2)C[N+](C2=CC=C(OC(F)F)C=C2)=C2CCCCCN21 | Target: 0 | Attribution: -0.271 | Prediction: 0.027 | MW: 449.5 || c_albicans Example: CS000247668 | SMILES: OC1(C2=CC=C(C3=CC=CC=C3)C=C2)C[N+](C2=CC=C(OC(F)F)C=C2)=C2CCCCCN21 | Target: 0 | Attribution: -0.271 | Prediction: 0.027 | MW: 449.5 || e_coli Example: CS000103995 | SMILES: OC1(C2=CC=C(C3=CC=CC=C3)C=C2)C[N+](C2=CC=C(Cl)C=C2)=C2CCCCCN21 | Target: 0 | Attribution: -0.185 | Prediction: 0.006 | MW: 418.0 || e_coli Example: CS000103995 | SMILES: OC1(C2=CC=C(C3=CC=CC=C3)C=C2)C[N+](C2=CC=C(Cl)C=C2)=C2CCCCCN21 | Target: 0 | Attribution: -0.185 | Prediction: 0.006 | MW: 418.0
NEGATIVE SUBSTITUENTS,13,210113,N#CC=C(N)NNC1=CC=CC=C1,C. albicans + E. coli (NOT S. aureus),2,8,0,8,0,0,-0.3119,-0.3750,100.00,c_albicans: 100.0% negative (4/4) | Range: -0.289 to -0.257 || c_albicans: 100.0% negative (4/4) | Range: -0.289 to -0.257 || c_albicans: 100.0% negative (4/4) | Range: -0.289 to -0.257 || c_albicans: 100.0% negative (4/4) | Range: -0.289 to -0.257 || c_albicans: 100.0% negative (4/4) | Range: -0.289 to -0.257 || c_albicans: 100.0% negative (4/4) | Range: -0.289 to -0.257 || c_albicans: 100.0% negative (4/4) | Range: -0.289 to -0.257 || c_albicans: 100.0% negative (4/4) | Range: -0.289 to -0.257 || e_coli: 100.0% negative (4/4) | Range: -0.375 to -0.300 || e_coli: 100.0% negative (4/4) | Range: -0.375 to -0.300 || e_coli: 100.0% negative (4/4) | Range: -0.375 to -0.300 || e_coli: 100.0% negative (4/4) | Range: -0.375 to -0.300 || e_coli: 100.0% negative (4/4) | Range: -0.375 to -0.300 || e_coli: 100.0% negative (4/4) | Range: -0.375 to -0.300 || e_coli: 100.0% negative (4/4) | Range: -0.375 to -0.300 || e_coli: 100.0% negative (4/4) | Range: -0.375 to -0.300,c_albicans Example: CHEMBL2040924 | SMILES: CC1=CC=C2N=C(Cl)C(C3C(C#N)=C(N)N(NC4=CC=CC=C4)C4=C3C(=O)CC(C)(C)C4)=CC2=C1 | Target: 0 | Attribution: -0.289 | Prediction: 0.006 | MW: 484.0 || c_albicans Example: CHEMBL2040924 | SMILES: CC1=CC=C2N=C(Cl)C(C3C(C#N)=C(N)N(NC4=CC=CC=C4)C4=C3C(=O)CC(C)(C)C4)=CC2=C1 | Target: 0 | Attribution: -0.289 | Prediction: 0.006 | MW: 484.0 || e_coli Example: CHEMBL2040925 | SMILES: COC1=CC=C2N=C(Cl)C(C3C(C#N)=C(N)N(NC4=CC=CC=C4)C4=C3C(=O)CC(C)(C)C4)=CC2=C1 | Target: 0 | Attribution: -0.375 | Prediction: 0.053 | MW: 500.0 || e_coli Example: CHEMBL2040925 | SMILES: COC1=CC=C2N=C(Cl)C(C3C(C#N)=C(N)N(NC4=CC=CC=C4)C4=C3C(=O)CC(C)(C)C4)=CC2=C1 | Target: 0 | Attribution: -0.375 | Prediction: 0.053 | MW: 500.0
NEGATIVE SUBSTITUENTS,14,208059,N#CC=C(N)NNC1=CC=C(F)C=C1,C. albicans + E. coli (NOT S. aureus),2,8,0,8,0,0,-0.3106,-0.3808,100.00,c_albicans: 100.0% negative (4/4) | Range: -0.270 to -0.245 || c_albicans: 100.0% negative (4/4) | Range: -0.270 to -0.245 || c_albicans: 100.0% negative (4/4) | Range: -0.270 to -0.245 || c_albicans: 100.0% negative (4/4) | Range: -0.270 to -0.245 || c_albicans: 100.0% negative (4/4) | Range: -0.270 to -0.245 || c_albicans: 100.0% negative (4/4) | Range: -0.270 to -0.245 || c_albicans: 100.0% negative (4/4) | Range: -0.270 to -0.245 || c_albicans: 100.0% negative (4/4) | Range: -0.270 to -0.245 || e_coli: 100.0% negative (4/4) | Range: -0.381 to -0.321 || e_coli: 100.0% negative (4/4) | Range: -0.381 to -0.321 || e_coli: 100.0% negative (4/4) | Range: -0.381 to -0.321 || e_coli: 100.0% negative (4/4) | Range: -0.381 to -0.321 || e_coli: 100.0% negative (4/4) | Range: -0.381 to -0.321 || e_coli: 100.0% negative (4/4) | Range: -0.381 to -0.321 || e_coli: 100.0% negative (4/4) | Range: -0.381 to -0.321 || e_coli: 100.0% negative (4/4) | Range: -0.381 to -0.321,c_albicans Example: CHEMBL2040937 | SMILES: COC1=CC=C2N=C(Cl)C(C3C(C#N)=C(N)N(NC4=CC=C(F)C=C4)C4=C3C(=O)CC(C)(C)C4)=CC2=C1 | Target: 0 | Attribution: -0.270 | Prediction: 0.006 | MW: 518.0 || c_albicans Example: CHEMBL2040937 | SMILES: COC1=CC=C2N=C(Cl)C(C3C(C#N)=C(N)N(NC4=CC=C(F)C=C4)C4=C3C(=O)CC(C)(C)C4)=CC2=C1 | Target: 0 | Attribution: -0.270 | Prediction: 0.006 | MW: 518.0 || e_coli Example: CHEMBL2040937 | SMILES: COC1=CC=C2N=C(Cl)C(C3C(C#N)=C(N)N(NC4=CC=C(F)C=C4)C4=C3C(=O)CC(C)(C)C4)=CC2=C1 | Target: 0 | Attribution: -0.381 | Prediction: 0.053 | MW: 518.0 || e_coli Example: CHEMBL2040937 | SMILES: COC1=CC=C2N=C(Cl)C(C3C(C#N)=C(N)N(NC4=CC=C(F)C=C4)C4=C3C(=O)CC(C)(C)C4)=CC2=C1 | Target: 0 | Attribution: -0.381 | Prediction: 0.053 | MW: 518.0
NEGATIVE SUBSTITUENTS,15,204858,N#CC=C(N)NNC1=CC=C(Br)C=C1,C. albicans + E. coli (NOT S. aureus),2,8,0,8,0,0,-0.2989,-0.3808,100.00,c_albicans: 100.0% negative (4/4) | Range: -0.241 to -0.226 || c_albicans: 100.0% negative (4/4) | Range: -0.241 to -0.226 || c_albicans: 100.0% negative (4/4) | Range: -0.241 to -0.226 || c_albicans: 100.0% negative (4/4) | Range: -0.241 to -0.226 || c_albicans: 100.0% negative (4/4) | Range: -0.241 to -0.226 || c_albicans: 100.0% negative (4/4) | Range: -0.241 to -0.226 || c_albicans: 100.0% negative (4/4) | Range: -0.241 to -0.226 || c_albicans: 100.0% negative (4/4) | Range: -0.241 to -0.226 || e_coli: 100.0% negative (4/4) | Range: -0.381 to -0.321 || e_coli: 100.0% negative (4/4) | Range: -0.381 to -0.321 || e_coli: 100.0% negative (4/4) | Range: -0.381 to -0.321 || e_coli: 100.0% negative (4/4) | Range: -0.381 to -0.321 || e_coli: 100.0% negative (4/4) | Range: -0.381 to -0.321 || e_coli: 100.0% negative (4/4) | Range: -0.381 to -0.321 || e_coli: 100.0% negative (4/4) | Range: -0.381 to -0.321 || e_coli: 100.0% negative (4/4) | Range: -0.381 to -0.321,c_albicans Example: CHEMBL2041013 | SMILES: CC1=CC=C2N=C(Cl)C(C3C(C#N)=C(N)N(NC4=CC=C(Br)C=C4)C4=C3C(=O)CC(C)(C)C4)=CC2=C1 | Target: 0 | Attribution: -0.241 | Prediction: 0.005 | MW: 562.9 || c_albicans Example: CHEMBL2041013 | SMILES: CC1=CC=C2N=C(Cl)C(C3C(C#N)=C(N)N(NC4=CC=C(Br)C=C4)C4=C3C(=O)CC(C)(C)C4)=CC2=C1 | Target: 0 | Attribution: -0.241 | Prediction: 0.005 | MW: 562.9 || e_coli Example: CHEMBL2041014 | SMILES: COC1=CC=C2N=C(Cl)C(C3C(C#N)=C(N)N(NC4=CC=C(Br)C=C4)C4=C3C(=O)CC(C)(C)C4)=CC2=C1 | Target: 0 | Attribution: -0.381 | Prediction: 0.052 | MW: 578.9 || e_coli Example: CHEMBL2041014 | SMILES: COC1=CC=C2N=C(Cl)C(C3C(C#N)=C(N)N(NC4=CC=C(Br)C=C4)C4=C3C(=O)CC(C)(C)C4)=CC2=C1 | Target: 0 | Attribution: -0.381 | Prediction: 0.052 | MW: 578.9
NEGATIVE SUBSTITUENTS,16,213072,C-CC1=NC2=CC(Cl)=CC=C2N1,C. albicans + E. coli (NOT S. aureus),2,8,0,8,0,0,-0.2973,-0.3808,100.00,c_albicans: 100.0% negative (4/4) | Range: -0.250 to -0.178 || c_albicans: 100.0% negative (4/4) | Range: -0.250 to -0.178 || c_albicans: 100.0% negative (4/4) | Range: -0.250 to -0.178 || c_albicans: 100.0% negative (4/4) | Range: -0.250 to -0.178 || c_albicans: 100.0% negative (4/4) | Range: -0.250 to -0.178 || c_albicans: 100.0% negative (4/4) | Range: -0.250 to -0.178 || c_albicans: 100.0% negative (4/4) | Range: -0.250 to -0.178 || c_albicans: 100.0% negative (4/4) | Range: -0.250 to -0.178 || e_coli: 100.0% negative (4/4) | Range: -0.381 to -0.361 || e_coli: 100.0% negative (4/4) | Range: -0.381 to -0.361 || e_coli: 100.0% negative (4/4) | Range: -0.381 to -0.361 || e_coli: 100.0% negative (4/4) | Range: -0.381 to -0.361 || e_coli: 100.0% negative (4/4) | Range: -0.381 to -0.361 || e_coli: 100.0% negative (4/4) | Range: -0.381 to -0.361 || e_coli: 100.0% negative (4/4) | Range: -0.381 to -0.361 || e_coli: 100.0% negative (4/4) | Range: -0.381 to -0.361,c_albicans Example: CHEMBL2234804 | SMILES: ClC1=CC=C2C(=C1)C=C(C1=NC3=CC(Cl)=CC=C3N1)C1=NN=NN12 | Target: 0 | Attribution: -0.250 | Prediction: 0.087 | MW: 355.2 || c_albicans Example: CHEMBL2234804 | SMILES: ClC1=CC=C2C(=C1)C=C(C1=NC3=CC(Cl)=CC=C3N1)C1=NN=NN12 | Target: 0 | Attribution: -0.250 | Prediction: 0.087 | MW: 355.2 || e_coli Example: CHEMBL2235116 | SMILES: ClC1=CC=C2NC(C3=CC4=CC=CC=C4N4N=NN=C34)=NC2=C1 | Target: 0 | Attribution: -0.381 | Prediction: 0.157 | MW: 320.7 || e_coli Example: CHEMBL2235116 | SMILES: ClC1=CC=C2NC(C3=CC4=CC=CC=C4N4N=NN=C34)=NC2=C1 | Target: 0 | Attribution: -0.381 | Prediction: 0.157 | MW: 320.7
NEGATIVE SUBSTITUENTS,17,218461,ClC1=CC=C2C(=C1)C=CC1=NN=NN12,C. albicans + E. coli (NOT S. aureus),2,8,0,8,0,0,-0.2952,-0.3597,100.00,c_albicans: 100.0% negative (4/4) | Range: -0.360 to -0.288 || c_albicans: 100.0% negative (4/4) | Range: -0.360 to -0.288 || c_albicans: 100.0% negative (4/4) | Range: -0.360 to -0.288 || c_albicans: 100.0% negative (4/4) | Range: -0.360 to -0.288 || c_albicans: 100.0% negative (4/4) | Range: -0.360 to -0.288 || c_albicans: 100.0% negative (4/4) | Range: -0.360 to -0.288 || c_albicans: 100.0% negative (4/4) | Range: -0.360 to -0.288 || c_albicans: 100.0% negative (4/4) | Range: -0.360 to -0.288 || e_coli: 100.0% negative (4/4) | Range: -0.289 to -0.248 || e_coli: 100.0% negative (4/4) | Range: -0.289 to -0.248 || e_coli: 100.0% negative (4/4) | Range: -0.289 to -0.248 || e_coli: 100.0% negative (4/4) | Range: -0.289 to -0.248 || e_coli: 100.0% negative (4/4) | Range: -0.289 to -0.248 || e_coli: 100.0% negative (4/4) | Range: -0.289 to -0.248 || e_coli: 100.0% negative (4/4) | Range: -0.289 to -0.248 || e_coli: 100.0% negative (4/4) | Range: -0.289 to -0.248,c_albicans Example: CHEMBL2234803 | SMILES: CC1=CC=C2NC(C3=CC4=CC(Cl)=CC=C4N4N=NN=C34)=NC2=C1 | Target: 0 | Attribution: -0.360 | Prediction: 0.070 | MW: 334.8 || c_albicans Example: CHEMBL2234803 | SMILES: CC1=CC=C2NC(C3=CC4=CC(Cl)=CC=C4N4N=NN=C34)=NC2=C1 | Target: 0 | Attribution: -0.360 | Prediction: 0.070 | MW: 334.8 || e_coli Example: CHEMBL2234802 | SMILES: ClC1=CC=C2C(=C1)C=C(C1=NC3=CC=CC=C3N1)C1=NN=NN12 | Target: 0 | Attribution: -0.289 | Prediction: 0.115 | MW: 320.7 || e_coli Example: CHEMBL2234802 | SMILES: ClC1=CC=C2C(=C1)C=C(C1=NC3=CC=CC=C3N1)C1=NN=NN12 | Target: 0 | Attribution: -0.289 | Prediction: 0.115 | MW: 320.7
NEGATIVE SUBSTITUENTS,18,205728,C-CC1=NC2=CC(Br)=CC=C2N1,C. albicans + E. coli (NOT S. aureus),2,8,0,8,0,0,-0.2686,-0.3808,100.00,c_albicans: 100.0% negative (4/4) | Range: -0.201 to -0.138 || c_albicans: 100.0% negative (4/4) | Range: -0.201 to -0.138 || c_albicans: 100.0% negative (4/4) | Range: -0.201 to -0.138 || c_albicans: 100.0% negative (4/4) | Range: -0.201 to -0.138 || c_albicans: 100.0% negative (4/4) | Range: -0.201 to -0.138 || c_albicans: 100.0% negative (4/4) | Range: -0.201 to -0.138 || c_albicans: 100.0% negative (4/4) | Range: -0.201 to -0.138 || c_albicans: 100.0% negative (4/4) | Range: -0.201 to -0.138 || e_coli: 100.0% negative (4/4) | Range: -0.381 to -0.351 || e_coli: 100.0% negative (4/4) | Range: -0.381 to -0.351 || e_coli: 100.0% negative (4/4) | Range: -0.381 to -0.351 || e_coli: 100.0% negative (4/4) | Range: -0.381 to -0.351 || e_coli: 100.0% negative (4/4) | Range: -0.381 to -0.351 || e_coli: 100.0% negative (4/4) | Range: -0.381 to -0.351 || e_coli: 100.0% negative (4/4) | Range: -0.381 to -0.351 || e_coli: 100.0% negative (4/4) | Range: -0.381 to -0.351,c_albicans Example: CHEMBL2234805 | SMILES: ClC1=CC=C2C(=C1)C=C(C1=NC3=CC(Br)=CC=C3N1)C1=NN=NN12 | Target: 0 | Attribution: -0.201 | Prediction: 0.083 | MW: 399.6 || c_albicans Example: CHEMBL2234805 | SMILES: ClC1=CC=C2C(=C1)C=C(C1=NC3=CC(Br)=CC=C3N1)C1=NN=NN12 | Target: 0 | Attribution: -0.201 | Prediction: 0.083 | MW: 399.6 || e_coli Example: CHEMBL2234021 | SMILES: CC1=CC=C2C(=C1)C=C(C1=NC3=CC(Br)=CC=C3N1)C1=NN=NN12 | Target: 0 | Attribution: -0.381 | Prediction: 0.173 | MW: 379.2 || e_coli Example: CHEMBL2234021 | SMILES: CC1=CC=C2C(=C1)C=C(C1=NC3=CC(Br)=CC=C3N1)C1=NN=NN12 | Target: 0 | Attribution: -0.381 | Prediction: 0.173 | MW: 379.2
NEGATIVE SUBSTITUENTS,19,209343,C-CC1=NC2=CC(C)=CC=C2N1,C. albicans + E. coli (NOT S. aureus),2,8,0,8,0,0,-0.2634,-0.3808,100.00,c_albicans: 100.0% negative (4/4) | Range: -0.208 to -0.101 || c_albicans: 100.0% negative (4/4) | Range: -0.208 to -0.101 || c_albicans: 100.0% negative (4/4) | Range: -0.208 to -0.101 || c_albicans: 100.0% negative (4/4) | Range: -0.208 to -0.101 || c_albicans: 100.0% negative (4/4) | Range: -0.208 to -0.101 || c_albicans: 100.0% negative (4/4) | Range: -0.208 to -0.101 || c_albicans: 100.0% negative (4/4) | Range: -0.208 to -0.101 || c_albicans: 100.0% negative (4/4) | Range: -0.208 to -0.101 || e_coli: 100.0% negative (4/4) | Range: -0.381 to -0.349 || e_coli: 100.0% negative (4/4) | Range: -0.381 to -0.349 || e_coli: 100.0% negative (4/4) | Range: -0.381 to -0.349 || e_coli: 100.0% negative (4/4) | Range: -0.381 to -0.349 || e_coli: 100.0% negative (4/4) | Range: -0.381 to -0.349 || e_coli: 100.0% negative (4/4) | Range: -0.381 to -0.349 || e_coli: 100.0% negative (4/4) | Range: -0.381 to -0.349 || e_coli: 100.0% negative (4/4) | Range: -0.381 to -0.349,c_albicans Example: CHEMBL2234803 | SMILES: CC1=CC=C2NC(C3=CC4=CC(Cl)=CC=C4N4N=NN=C34)=NC2=C1 | Target: 0 | Attribution: -0.208 | Prediction: 0.070 | MW: 334.8 || c_albicans Example: CHEMBL2234803 | SMILES: CC1=CC=C2NC(C3=CC4=CC(Cl)=CC=C4N4N=NN=C34)=NC2=C1 | Target: 0 | Attribution: -0.208 | Prediction: 0.070 | MW: 334.8 || e_coli Example: CHEMBL2235119 | SMILES: CC1=CC=C2C(=C1)C=C(C1=NC3=CC(C)=CC=C3N1)C1=NN=NN12 | Target: 0 | Attribution: -0.381 | Prediction: 0.130 | MW: 314.4 || e_coli Example: CHEMBL2235119 | SMILES: CC1=CC=C2C(=C1)C=C(C1=NC3=CC(C)=CC=C3N1)C1=NN=NN12 | Target: 0 | Attribution: -0.381 | Prediction: 0.130 | MW: 314.4
NEGATIVE SUBSTITUENTS,20,184371,COC(=O)C1=CC=C(/C=C2\SC(=S)N(CN)C2=O)C=C1,C. albicans + E. coli (NOT S. aureus),2,8,0,8,0,0,-0.1525,-0.2259,100.00,c_albicans: 100.0% negative (4/4) | Range: -0.114 to -0.104 || c_albicans: 100.0% negative (4/4) | Range: -0.114 to -0.104 || c_albicans: 100.0% negative (4/4) | Range: -0.114 to -0.104 || c_albicans: 100.0% negative (4/4) | Range: -0.114 to -0.104 || c_albicans: 100.0% negative (4/4) | Range: -0.114 to -0.104 || c_albicans: 100.0% negative (4/4) | Range: -0.114 to -0.104 || c_albicans: 100.0% negative (4/4) | Range: -0.114 to -0.104 || c_albicans: 100.0% negative (4/4) | Range: -0.114 to -0.104 || e_coli: 100.0% negative (4/4) | Range: -0.226 to -0.152 || e_coli: 100.0% negative (4/4) | Range: -0.226 to -0.152 || e_coli: 100.0% negative (4/4) | Range: -0.226 to -0.152 || e_coli: 100.0% negative (4/4) | Range: -0.226 to -0.152 || e_coli: 100.0% negative (4/4) | Range: -0.226 to -0.152 || e_coli: 100.0% negative (4/4) | Range: -0.226 to -0.152 || e_coli: 100.0% negative (4/4) | Range: -0.226 to -0.152 || e_coli: 100.0% negative (4/4) | Range: -0.226 to -0.152,c_albicans Example: CS000141092 | SMILES: COC(=O)c1ccc(/C=C2\SC(=S)N(CNc3ccc(OC)cc3)C2=O)cc1 | Target: 0 | Attribution: -0.114 | Prediction: 0.035 | MW: 414.5 || c_albicans Example: CS000141092 | SMILES: COC(=O)c1ccc(/C=C2\SC(=S)N(CNc3ccc(OC)cc3)C2=O)cc1 | Target: 0 | Attribution: -0.114 | Prediction: 0.035 | MW: 414.5 || e_coli Example: CS000045074 | SMILES: COC(=O)c1ccc(/C=C2\SC(=S)N(CNc3cccc(Br)c3)C2=O)cc1 | Target: 0 | Attribution: -0.226 | Prediction: 0.002 | MW: 463.4 || e_coli Example: CS000045074 | SMILES: COC(=O)c1ccc(/C=C2\SC(=S)N(CNc3cccc(Br)c3)C2=O)cc1 | Target: 0 | Attribution: -0.226 | Prediction: 0.002 | MW: 463.4
NEGATIVE SUBSTITUENTS,21,205232,N#CC=C(N)NNC1=CC=C(Cl)C=C1,C. albicans + E. coli (NOT S. aureus),2,7,0,7,0,0,-0.3051,-0.3808,100.00,c_albicans: 100.0% negative (4/4) | Range: -0.251 to -0.236 || c_albicans: 100.0% negative (4/4) | Range: -0.251 to -0.236 || c_albicans: 100.0% negative (4/4) | Range: -0.251 to -0.236 || c_albicans: 100.0% negative (4/4) | Range: -0.251 to -0.236 || c_albicans: 100.0% negative (4/4) | Range: -0.251 to -0.236 || c_albicans: 100.0% negative (4/4) | Range: -0.251 to -0.236 || c_albicans: 100.0% negative (4/4) | Range: -0.251 to -0.236 || e_coli: 100.0% negative (3/3) | Range: -0.381 to -0.354 || e_coli: 100.0% negative (3/3) | Range: -0.381 to -0.354 || e_coli: 100.0% negative (3/3) | Range: -0.381 to -0.354 || e_coli: 100.0% negative (3/3) | Range: -0.381 to -0.354 || e_coli: 100.0% negative (3/3) | Range: -0.381 to -0.354 || e_coli: 100.0% negative (3/3) | Range: -0.381 to -0.354 || e_coli: 100.0% negative (3/3) | Range: -0.381 to -0.354,c_albicans Example: CHEMBL2040928 | SMILES: CC1=CC=C2N=C(Cl)C(C3C(C#N)=C(N)N(NC4=CC=C(Cl)C=C4)C4=C3C(=O)CC(C)(C)C4)=CC2=C1 | Target: 0 | Attribution: -0.251 | Prediction: 0.005 | MW: 518.4 || c_albicans Example: CHEMBL2040928 | SMILES: CC1=CC=C2N=C(Cl)C(C3C(C#N)=C(N)N(NC4=CC=C(Cl)C=C4)C4=C3C(=O)CC(C)(C)C4)=CC2=C1 | Target: 0 | Attribution: -0.251 | Prediction: 0.005 | MW: 518.4 || e_coli Example: CHEMBL2040929 | SMILES: COC1=CC=C2N=C(Cl)C(C3C(C#N)=C(N)N(NC4=CC=C(Cl)C=C4)C4=C3C(=O)CC(C)(C)C4)=CC2=C1 | Target: 0 | Attribution: -0.381 | Prediction: 0.053 | MW: 534.4 || e_coli Example: CHEMBL2040929 | SMILES: COC1=CC=C2N=C(Cl)C(C3C(C#N)=C(N)N(NC4=CC=C(Cl)C=C4)C4=C3C(=O)CC(C)(C)C4)=CC2=C1 | Target: 0 | Attribution: -0.381 | Prediction: 0.053 | MW: 534.4
NEGATIVE SUBSTITUENTS,22,205176,C=CCN1C(=O)C=CC2=CC=C(C)C=C21,C. albicans + E. coli (NOT S. aureus),2,7,0,7,0,0,-0.2741,-0.3578,100.00,c_albicans: 100.0% negative (4/4) | Range: -0.358 to -0.309 || c_albicans: 100.0% negative (4/4) | Range: -0.358 to -0.309 || c_albicans: 100.0% negative (4/4) | Range: -0.358 to -0.309 || c_albicans: 100.0% negative (4/4) | Range: -0.358 to -0.309 || c_albicans: 100.0% negative (4/4) | Range: -0.358 to -0.309 || c_albicans: 100.0% negative (4/4) | Range: -0.358 to -0.309 || c_albicans: 100.0% negative (4/4) | Range: -0.358 to -0.309 || e_coli: 100.0% negative (3/3) | Range: -0.241 to -0.178 || e_coli: 100.0% negative (3/3) | Range: -0.241 to -0.178 || e_coli: 100.0% negative (3/3) | Range: -0.241 to -0.178 || e_coli: 100.0% negative (3/3) | Range: -0.241 to -0.178 || e_coli: 100.0% negative (3/3) | Range: -0.241 to -0.178 || e_coli: 100.0% negative (3/3) | Range: -0.241 to -0.178 || e_coli: 100.0% negative (3/3) | Range: -0.241 to -0.178,c_albicans Example: CHEMBL2036695 | SMILES: C=CCN1C2=CC=CC=C2NC2=C(C(=O)CCC2)C1C1=CC2=CC=C(C)C=C2N(CC=C)C1=O | Target: 0 | Attribution: -0.358 | Prediction: 0.001 | MW: 451.6 || c_albicans Example: CHEMBL2036695 | SMILES: C=CCN1C2=CC=CC=C2NC2=C(C(=O)CCC2)C1C1=CC2=CC=C(C)C=C2N(CC=C)C1=O | Target: 0 | Attribution: -0.358 | Prediction: 0.001 | MW: 451.6 || e_coli Example: CHEMBL2036694 | SMILES: C=CCN1C2=CC=CC=C2NC2=C(C(=O)CC(C)(C)C2)C1C1=CC2=CC=C(C)C=C2N(CC=C)C1=O | Target: 0 | Attribution: -0.241 | Prediction: 0.054 | MW: 479.6 || e_coli Example: CHEMBL2036694 | SMILES: C=CCN1C2=CC=CC=C2NC2=C(C(=O)CC(C)(C)C2)C1C1=CC2=CC=C(C)C=C2N(CC=C)C1=O | Target: 0 | Attribution: -0.241 | Prediction: 0.054 | MW: 479.6
NEGATIVE SUBSTITUENTS,23,216489,C=CCN1C(=O)C=CC2=CC=C(Cl)C=C21,C. albicans + E. coli (NOT S. aureus),2,7,0,7,0,0,-0.2688,-0.3592,100.00,c_albicans: 100.0% negative (4/4) | Range: -0.359 to -0.320 || c_albicans: 100.0% negative (4/4) | Range: -0.359 to -0.320 || c_albicans: 100.0% negative (4/4) | Range: -0.359 to -0.320 || c_albicans: 100.0% negative (4/4) | Range: -0.359 to -0.320 || c_albicans: 100.0% negative (4/4) | Range: -0.359 to -0.320 || c_albicans: 100.0% negative (4/4) | Range: -0.359 to -0.320 || c_albicans: 100.0% negative (4/4) | Range: -0.359 to -0.320 || e_coli: 100.0% negative (3/3) | Range: -0.199 to -0.193 || e_coli: 100.0% negative (3/3) | Range: -0.199 to -0.193 || e_coli: 100.0% negative (3/3) | Range: -0.199 to -0.193 || e_coli: 100.0% negative (3/3) | Range: -0.199 to -0.193 || e_coli: 100.0% negative (3/3) | Range: -0.199 to -0.193 || e_coli: 100.0% negative (3/3) | Range: -0.199 to -0.193 || e_coli: 100.0% negative (3/3) | Range: -0.199 to -0.193,c_albicans Example: CHEMBL2036684 | SMILES: C=CCN1C2=CC=CC=C2NC2=C(C(=O)CCC2)C1C1=CC2=CC=C(Cl)C=C2N(CC=C)C1=O | Target: 0 | Attribution: -0.359 | Prediction: 0.001 | MW: 472.0 || c_albicans Example: CHEMBL2036684 | SMILES: C=CCN1C2=CC=CC=C2NC2=C(C(=O)CCC2)C1C1=CC2=CC=C(Cl)C=C2N(CC=C)C1=O | Target: 0 | Attribution: -0.359 | Prediction: 0.001 | MW: 472.0 || e_coli Example: CHEMBL2036557 | SMILES: C=CCN1C(=O)C(C2NC3=CC=CC=C3NC3=C2C(=O)CC(C)(C)C3)=CC2=CC=C(Cl)C=C21 | Target: 0 | Attribution: -0.199 | Prediction: 0.063 | MW: 460.0 || e_coli Example: CHEMBL2036557 | SMILES: C=CCN1C(=O)C(C2NC3=CC=CC=C3NC3=C2C(=O)CC(C)(C)C3)=CC2=CC=C(Cl)C=C21 | Target: 0 | Attribution: -0.199 | Prediction: 0.063 | MW: 460.0
NEGATIVE SUBSTITUENTS,24,217392,C-CC1=NC2=CC=CC=C2N1,C. albicans + E. coli (NOT S. aureus),2,7,0,7,0,0,-0.2519,-0.3808,100.00,c_albicans: 75.0% negative (3/4) | Range: -0.161 to -0.031 || c_albicans: 75.0% negative (3/4) | Range: -0.161 to -0.031 || c_albicans: 75.0% negative (3/4) | Range: -0.161 to -0.031 || c_albicans: 75.0% negative (3/4) | Range: -0.161 to -0.031 || c_albicans: 75.0% negative (3/4) | Range: -0.161 to -0.031 || c_albicans: 75.0% negative (3/4) | Range: -0.161 to -0.031 || c_albicans: 75.0% negative (3/4) | Range: -0.161 to -0.031 || e_coli: 100.0% negative (4/4) | Range: -0.381 to -0.330 || e_coli: 100.0% negative (4/4) | Range: -0.381 to -0.330 || e_coli: 100.0% negative (4/4) | Range: -0.381 to -0.330 || e_coli: 100.0% negative (4/4) | Range: -0.381 to -0.330 || e_coli: 100.0% negative (4/4) | Range: -0.381 to -0.330 || e_coli: 100.0% negative (4/4) | Range: -0.381 to -0.330 || e_coli: 100.0% negative (4/4) | Range: -0.381 to -0.330,c_albicans Example: CHEMBL2234802 | SMILES: ClC1=CC=C2C(=C1)C=C(C1=NC3=CC=CC=C3N1)C1=NN=NN12 | Target: 0 | Attribution: -0.161 | Prediction: 0.064 | MW: 320.7 || c_albicans Example: CHEMBL2234802 | SMILES: ClC1=CC=C2C(=C1)C=C(C1=NC3=CC=CC=C3N1)C1=NN=NN12 | Target: 0 | Attribution: -0.161 | Prediction: 0.064 | MW: 320.7 || e_coli Example: CHEMBL2234798 | SMILES: COC1=CC=C2C(=C1)C=C(C1=NC3=CC=CC=C3N1)C1=NN=NN12 | Target: 0 | Attribution: -0.381 | Prediction: 0.085 | MW: 316.3 || e_coli Example: CHEMBL2234798 | SMILES: COC1=CC=C2C(=C1)C=C(C1=NC3=CC=CC=C3N1)C1=NN=NN12 | Target: 0 | Attribution: -0.381 | Prediction: 0.085 | MW: 316.3
NEGATIVE SUBSTITUENTS,25,209143,COC1=CC=C2N=C(N3CCOCC3)C=CC2=C1,C. albicans + E. coli (NOT S. aureus),2,7,0,7,0,0,-0.2224,-0.2678,100.00,c_albicans: 80.0% negative (4/5) | Range: -0.210 to -0.070 || c_albicans: 80.0% negative (4/5) | Range: -0.210 to -0.070 || c_albicans: 80.0% negative (4/5) | Range: -0.210 to -0.070 || c_albicans: 80.0% negative (4/5) | Range: -0.210 to -0.070 || c_albicans: 80.0% negative (4/5) | Range: -0.210 to -0.070 || c_albicans: 80.0% negative (4/5) | Range: -0.210 to -0.070 || c_albicans: 80.0% negative (4/5) | Range: -0.210 to -0.070 || e_coli: 100.0% negative (3/3) | Range: -0.268 to -0.237 || e_coli: 100.0% negative (3/3) | Range: -0.268 to -0.237 || e_coli: 100.0% negative (3/3) | Range: -0.268 to -0.237 || e_coli: 100.0% negative (3/3) | Range: -0.268 to -0.237 || e_coli: 100.0% negative (3/3) | Range: -0.268 to -0.237 || e_coli: 100.0% negative (3/3) | Range: -0.268 to -0.237 || e_coli: 100.0% negative (3/3) | Range: -0.268 to -0.237,c_albicans Example: CHEMBL1834821 | SMILES: COC1=CC=C2N=C(N3CCOCC3)C(C3C(C#N)=C(N)OC4=CC(O)=CC=C43)=CC2=C1 | Target: 0 | Attribution: -0.210 | Prediction: 0.008 | MW: 430.5 || c_albicans Example: CHEMBL1834821 | SMILES: COC1=CC=C2N=C(N3CCOCC3)C(C3C(C#N)=C(N)OC4=CC(O)=CC=C43)=CC2=C1 | Target: 0 | Attribution: -0.210 | Prediction: 0.008 | MW: 430.5 || e_coli Example: CHEMBL1834821 | SMILES: COC1=CC=C2N=C(N3CCOCC3)C(C3C(C#N)=C(N)OC4=CC(O)=CC=C43)=CC2=C1 | Target: 0 | Attribution: -0.268 | Prediction: 0.046 | MW: 430.5 || e_coli Example: CHEMBL1834821 | SMILES: COC1=CC=C2N=C(N3CCOCC3)C(C3C(C#N)=C(N)OC4=CC(O)=CC=C43)=CC2=C1 | Target: 0 | Attribution: -0.268 | Prediction: 0.046 | MW: 430.5
NEGATIVE SUBSTITUENTS,26,210493,C-C(C1C(C(=O)OCC)=C(N)N(NC2=CC=C(C)C=C2)C2=C1C(=O)CC(C)(C)C2)-C(Cl)-N,C. albicans + E. coli (NOT S. aureus),2,7,0,7,0,0,-0.1519,-0.2065,100.00,c_albicans: 100.0% negative (4/4) | Range: -0.176 to -0.122 || c_albicans: 100.0% negative (4/4) | Range: -0.176 to -0.122 || c_albicans: 100.0% negative (4/4) | Range: -0.176 to -0.122 || c_albicans: 100.0% negative (4/4) | Range: -0.176 to -0.122 || c_albicans: 100.0% negative (4/4) | Range: -0.176 to -0.122 || c_albicans: 100.0% negative (4/4) | Range: -0.176 to -0.122 || c_albicans: 100.0% negative (4/4) | Range: -0.176 to -0.122 || e_coli: 75.0% negative (3/4) | Range: -0.206 to -0.065 || e_coli: 75.0% negative (3/4) | Range: -0.206 to -0.065 || e_coli: 75.0% negative (3/4) | Range: -0.206 to -0.065 || e_coli: 75.0% negative (3/4) | Range: -0.206 to -0.065 || e_coli: 75.0% negative (3/4) | Range: -0.206 to -0.065 || e_coli: 75.0% negative (3/4) | Range: -0.206 to -0.065 || e_coli: 75.0% negative (3/4) | Range: -0.206 to -0.065,c_albicans Example: CHEMBL2281540 | SMILES: CCOC(=O)C1=C(N)N(NC2=CC=C(C)C=C2)C2=C(C(=O)CC(C)(C)C2)C1C1=CC2=CC(C)=CC=C2N=C1Cl | Target: 0 | Attribution: -0.176 | Prediction: 0.007 | MW: 545.1 || c_albicans Example: CHEMBL2281540 | SMILES: CCOC(=O)C1=C(N)N(NC2=CC=C(C)C=C2)C2=C(C(=O)CC(C)(C)C2)C1C1=CC2=CC(C)=CC=C2N=C1Cl | Target: 0 | Attribution: -0.176 | Prediction: 0.007 | MW: 545.1 || e_coli Example: CHEMBL2281542 | SMILES: CCOC(=O)C1=C(N)N(NC2=CC=C(C)C=C2)C2=C(C(=O)CC(C)(C)C2)C1C1=CC2=CC(Cl)=CC=C2N=C1Cl | Target: 0 | Attribution: -0.206 | Prediction: 0.071 | MW: 565.5 || e_coli Example: CHEMBL2281542 | SMILES: CCOC(=O)C1=C(N)N(NC2=CC=C(C)C=C2)C2=C(C(=O)CC(C)(C)C2)C1C1=CC2=CC(Cl)=CC=C2N=C1Cl | Target: 0 | Attribution: -0.206 | Prediction: 0.071 | MW: 565.5
NEGATIVE SUBSTITUENTS,27,208758,C-C(C1C(C(=O)OCC)=C(N)N(NC2=CC=CC=C2)C2=C1C(=O)CC(C)(C)C2)-C(Cl)-N,C. albicans + E. coli (NOT S. aureus),2,7,0,7,0,0,-0.1492,-0.2001,100.00,c_albicans: 100.0% negative (4/4) | Range: -0.171 to -0.125 || c_albicans: 100.0% negative (4/4) | Range: -0.171 to -0.125 || c_albicans: 100.0% negative (4/4) | Range: -0.171 to -0.125 || c_albicans: 100.0% negative (4/4) | Range: -0.171 to -0.125 || c_albicans: 100.0% negative (4/4) | Range: -0.171 to -0.125 || c_albicans: 100.0% negative (4/4) | Range: -0.171 to -0.125 || c_albicans: 100.0% negative (4/4) | Range: -0.171 to -0.125 || e_coli: 100.0% negative (3/3) | Range: -0.200 to -0.108 || e_coli: 100.0% negative (3/3) | Range: -0.200 to -0.108 || e_coli: 100.0% negative (3/3) | Range: -0.200 to -0.108 || e_coli: 100.0% negative (3/3) | Range: -0.200 to -0.108 || e_coli: 100.0% negative (3/3) | Range: -0.200 to -0.108 || e_coli: 100.0% negative (3/3) | Range: -0.200 to -0.108 || e_coli: 100.0% negative (3/3) | Range: -0.200 to -0.108,c_albicans Example: CHEMBL2283517 | SMILES: CCOC(=O)C1=C(N)N(NC2=CC=CC=C2)C2=C(C(=O)CC(C)(C)C2)C1C1=CC2=CC(C)=CC=C2N=C1Cl | Target: 0 | Attribution: -0.171 | Prediction: 0.008 | MW: 531.1 || c_albicans Example: CHEMBL2283517 | SMILES: CCOC(=O)C1=C(N)N(NC2=CC=CC=C2)C2=C(C(=O)CC(C)(C)C2)C1C1=CC2=CC(C)=CC=C2N=C1Cl | Target: 0 | Attribution: -0.171 | Prediction: 0.008 | MW: 531.1 || e_coli Example: CHEMBL2283519 | SMILES: CCOC(=O)C1=C(N)N(NC2=CC=CC=C2)C2=C(C(=O)CC(C)(C)C2)C1C1=CC2=CC(Cl)=CC=C2N=C1Cl | Target: 0 | Attribution: -0.200 | Prediction: 0.075 | MW: 551.5 || e_coli Example: CHEMBL2283519 | SMILES: CCOC(=O)C1=C(N)N(NC2=CC=CC=C2)C2=C(C(=O)CC(C)(C)C2)C1C1=CC2=CC(Cl)=CC=C2N=C1Cl | Target: 0 | Attribution: -0.200 | Prediction: 0.075 | MW: 551.5
NEGATIVE SUBSTITUENTS,28,215347,C-C(C1C(C(=O)OCC)=C(N)N(NC2=CC=C(F)C=C2)C2=C1C(=O)CC(C)(C)C2)-C(Cl)-N,C. albicans + E. coli (NOT S. aureus),2,7,0,7,0,0,-0.1439,-0.1964,100.00,c_albicans: 100.0% negative (4/4) | Range: -0.167 to -0.114 || c_albicans: 100.0% negative (4/4) | Range: -0.167 to -0.114 || c_albicans: 100.0% negative (4/4) | Range: -0.167 to -0.114 || c_albicans: 100.0% negative (4/4) | Range: -0.167 to -0.114 || c_albicans: 100.0% negative (4/4) | Range: -0.167 to -0.114 || c_albicans: 100.0% negative (4/4) | Range: -0.167 to -0.114 || c_albicans: 100.0% negative (4/4) | Range: -0.167 to -0.114 || e_coli: 75.0% negative (3/4) | Range: -0.196 to -0.058 || e_coli: 75.0% negative (3/4) | Range: -0.196 to -0.058 || e_coli: 75.0% negative (3/4) | Range: -0.196 to -0.058 || e_coli: 75.0% negative (3/4) | Range: -0.196 to -0.058 || e_coli: 75.0% negative (3/4) | Range: -0.196 to -0.058 || e_coli: 75.0% negative (3/4) | Range: -0.196 to -0.058 || e_coli: 75.0% negative (3/4) | Range: -0.196 to -0.058,c_albicans Example: CHEMBL2283506 | SMILES: CCOC(=O)C1=C(N)N(NC2=CC=C(F)C=C2)C2=C(C(=O)CC(C)(C)C2)C1C1=CC2=CC(C)=CC=C2N=C1Cl | Target: 0 | Attribution: -0.167 | Prediction: 0.008 | MW: 549.0 || c_albicans Example: CHEMBL2283506 | SMILES: CCOC(=O)C1=C(N)N(NC2=CC=C(F)C=C2)C2=C(C(=O)CC(C)(C)C2)C1C1=CC2=CC(C)=CC=C2N=C1Cl | Target: 0 | Attribution: -0.167 | Prediction: 0.008 | MW: 549.0 || e_coli Example: CHEMBL2283508 | SMILES: CCOC(=O)C1=C(N)N(NC2=CC=C(F)C=C2)C2=C(C(=O)CC(C)(C)C2)C1C1=CC2=CC(Cl)=CC=C2N=C1Cl | Target: 0 | Attribution: -0.196 | Prediction: 0.073 | MW: 569.5 || e_coli Example: CHEMBL2283508 | SMILES: CCOC(=O)C1=C(N)N(NC2=CC=C(F)C=C2)C2=C(C(=O)CC(C)(C)C2)C1C1=CC2=CC(Cl)=CC=C2N=C1Cl | Target: 0 | Attribution: -0.196 | Prediction: 0.073 | MW: 569.5
NEGATIVE SUBSTITUENTS,29,207169,C-C(C1C(C(=O)OCC)=C(N)N(NC2=CC=C(Br)C=C2)C2=C1C(=O)CC(C)(C)C2)-C(Cl)-N,C. albicans + E. coli (NOT S. aureus),2,7,0,7,0,0,-0.1367,-0.2040,100.00,c_albicans: 100.0% negative (4/4) | Range: -0.155 to -0.102 || c_albicans: 100.0% negative (4/4) | Range: -0.155 to -0.102 || c_albicans: 100.0% negative (4/4) | Range: -0.155 to -0.102 || c_albicans: 100.0% negative (4/4) | Range: -0.155 to -0.102 || c_albicans: 100.0% negative (4/4) | Range: -0.155 to -0.102 || c_albicans: 100.0% negative (4/4) | Range: -0.155 to -0.102 || c_albicans: 100.0% negative (4/4) | Range: -0.155 to -0.102 || e_coli: 75.0% negative (3/4) | Range: -0.204 to -0.062 || e_coli: 75.0% negative (3/4) | Range: -0.204 to -0.062 || e_coli: 75.0% negative (3/4) | Range: -0.204 to -0.062 || e_coli: 75.0% negative (3/4) | Range: -0.204 to -0.062 || e_coli: 75.0% negative (3/4) | Range: -0.204 to -0.062 || e_coli: 75.0% negative (3/4) | Range: -0.204 to -0.062 || e_coli: 75.0% negative (3/4) | Range: -0.204 to -0.062,c_albicans Example: CHEMBL2283514 | SMILES: CCOC(=O)C1=C(N)N(NC2=CC=C(Br)C=C2)C2=C(C(=O)CC(C)(C)C2)C1C1=CC2=CC(C)=CC=C2N=C1Cl | Target: 0 | Attribution: -0.155 | Prediction: 0.007 | MW: 610.0 || c_albicans Example: CHEMBL2283514 | SMILES: CCOC(=O)C1=C(N)N(NC2=CC=C(Br)C=C2)C2=C(C(=O)CC(C)(C)C2)C1C1=CC2=CC(C)=CC=C2N=C1Cl | Target: 0 | Attribution: -0.155 | Prediction: 0.007 | MW: 610.0 || e_coli Example: CHEMBL2283504 | SMILES: CCOC(=O)C1=C(N)N(NC2=CC=C(Br)C=C2)C2=C(C(=O)CC(C)(C)C2)C1C1=CC2=CC(Cl)=CC=C2N=C1Cl | Target: 0 | Attribution: -0.204 | Prediction: 0.074 | MW: 630.4 || e_coli Example: CHEMBL2283504 | SMILES: CCOC(=O)C1=C(N)N(NC2=CC=C(Br)C=C2)C2=C(C(=O)CC(C)(C)C2)C1C1=CC2=CC(Cl)=CC=C2N=C1Cl | Target: 0 | Attribution: -0.204 | Prediction: 0.074 | MW: 630.4
NEGATIVE SUBSTITUENTS,30,173348,CS(=O)(=O)C1=CC=C(\C=N\NC(=N)N)C=C1,C. albicans + E. coli (NOT S. aureus),2,6,0,6,0,0,-0.3666,-0.3808,100.00,c_albicans: 100.0% negative (3/3) | Range: -0.364 to -0.335 || c_albicans: 100.0% negative (3/3) | Range: -0.364 to -0.335 || c_albicans: 100.0% negative (3/3) | Range: -0.364 to -0.335 || c_albicans: 100.0% negative (3/3) | Range: -0.364 to -0.335 || c_albicans: 100.0% negative (3/3) | Range: -0.364 to -0.335 || c_albicans: 100.0% negative (3/3) | Range: -0.364 to -0.335 || e_coli: 100.0% negative (3/3) | Range: -0.381 to -0.381 || e_coli: 100.0% negative (3/3) | Range: -0.381 to -0.381 || e_coli: 100.0% negative (3/3) | Range: -0.381 to -0.381 || e_coli: 100.0% negative (3/3) | Range: -0.381 to -0.381 || e_coli: 100.0% negative (3/3) | Range: -0.381 to -0.381 || e_coli: 100.0% negative (3/3) | Range: -0.381 to -0.381,c_albicans Example: CS000168106 | SMILES: CS(=O)(=O)c1ccc(/C(=N/NC(=N)N)c2ccc(F)cc2)cc1 | Target: 0 | Attribution: -0.364 | Prediction: 0.016 | MW: 334.4 || c_albicans Example: CS000168106 | SMILES: CS(=O)(=O)c1ccc(/C(=N/NC(=N)N)c2ccc(F)cc2)cc1 | Target: 0 | Attribution: -0.364 | Prediction: 0.016 | MW: 334.4 || e_coli Example: CS000296202 | SMILES: CS(=O)(=O)c1ccc(/C(=N/NC(=N)N)c2ccc(Cl)cc2)cc1 | Target: 0 | Attribution: -0.381 | Prediction: 0.151 | MW: 350.8 || e_coli Example: CS000296202 | SMILES: CS(=O)(=O)c1ccc(/C(=N/NC(=N)N)c2ccc(Cl)cc2)cc1 | Target: 0 | Attribution: -0.381 | Prediction: 0.151 | MW: 350.8
NEGATIVE SUBSTITUENTS,31,181717,CC1=CC=C(/C=C2\SC(=S)N(CN)C2=O)O1,C. albicans + E. coli (NOT S. aureus),2,6,0,6,0,0,-0.2646,-0.3808,100.00,c_albicans: 100.0% negative (3/3) | Range: -0.168 to -0.130 || c_albicans: 100.0% negative (3/3) | Range: -0.168 to -0.130 || c_albicans: 100.0% negative (3/3) | Range: -0.168 to -0.130 || c_albicans: 100.0% negative (3/3) | Range: -0.168 to -0.130 || c_albicans: 100.0% negative (3/3) | Range: -0.168 to -0.130 || c_albicans: 100.0% negative (3/3) | Range: -0.168 to -0.130 || e_coli: 100.0% negative (3/3) | Range: -0.381 to -0.381 || e_coli: 100.0% negative (3/3) | Range: -0.381 to -0.381 || e_coli: 100.0% negative (3/3) | Range: -0.381 to -0.381 || e_coli: 100.0% negative (3/3) | Range: -0.381 to -0.381 || e_coli: 100.0% negative (3/3) | Range: -0.381 to -0.381 || e_coli: 100.0% negative (3/3) | Range: -0.381 to -0.381,c_albicans Example: CS000054657 | SMILES: Cc1ccc(/C=C2\SC(=S)N(CNc3ccccc3I)C2=O)o1 | Target: 0 | Attribution: -0.168 | Prediction: 0.009 | MW: 456.3 || c_albicans Example: CS000054657 | SMILES: Cc1ccc(/C=C2\SC(=S)N(CNc3ccccc3I)C2=O)o1 | Target: 0 | Attribution: -0.168 | Prediction: 0.009 | MW: 456.3 || e_coli Example: CS000054657 | SMILES: Cc1ccc(/C=C2\SC(=S)N(CNc3ccccc3I)C2=O)o1 | Target: 0 | Attribution: -0.381 | Prediction: 0.005 | MW: 456.3 || e_coli Example: CS000054657 | SMILES: Cc1ccc(/C=C2\SC(=S)N(CNc3ccccc3I)C2=O)o1 | Target: 0 | Attribution: -0.381 | Prediction: 0.005 | MW: 456.3
NEGATIVE SUBSTITUENTS,32,205175,O=C1CCCC2=C1CNC1=CC=CC=C1N2,C. albicans + E. coli (NOT S. aureus),2,6,0,6,0,0,-0.1501,-0.1898,100.00,c_albicans: 75.0% negative (3/4) | Range: -0.129 to -0.090 || c_albicans: 75.0% negative (3/4) | Range: -0.129 to -0.090 || c_albicans: 75.0% negative (3/4) | Range: -0.129 to -0.090 || c_albicans: 75.0% negative (3/4) | Range: -0.129 to -0.090 || c_albicans: 75.0% negative (3/4) | Range: -0.129 to -0.090 || c_albicans: 75.0% negative (3/4) | Range: -0.129 to -0.090 || e_coli: 100.0% negative (3/3) | Range: -0.190 to -0.176 || e_coli: 100.0% negative (3/3) | Range: -0.190 to -0.176 || e_coli: 100.0% negative (3/3) | Range: -0.190 to -0.176 || e_coli: 100.0% negative (3/3) | Range: -0.190 to -0.176 || e_coli: 100.0% negative (3/3) | Range: -0.190 to -0.176 || e_coli: 100.0% negative (3/3) | Range: -0.190 to -0.176,c_albicans Example: CHEMBL2036691 | SMILES: C=CCN1C(=O)C(C2NC3=CC=CC=C3NC3=C2C(=O)CCC3)=CC2=CC(C)=CC=C21 | Target: 0 | Attribution: -0.129 | Prediction: 0.002 | MW: 411.5 || c_albicans Example: CHEMBL2036691 | SMILES: C=CCN1C(=O)C(C2NC3=CC=CC=C3NC3=C2C(=O)CCC3)=CC2=CC(C)=CC=C21 | Target: 0 | Attribution: -0.129 | Prediction: 0.002 | MW: 411.5 || e_coli Example: CHEMBL2036558 | SMILES: C=CCN1C(=O)C(C2NC3=CC=CC=C3NC3=C2C(=O)CCC3)=CC2=CC=C(Cl)C=C21 | Target: 0 | Attribution: -0.190 | Prediction: 0.069 | MW: 431.9 || e_coli Example: CHEMBL2036558 | SMILES: C=CCN1C(=O)C(C2NC3=CC=CC=C3NC3=C2C(=O)CCC3)=CC2=CC=C(Cl)C=C21 | Target: 0 | Attribution: -0.190 | Prediction: 0.069 | MW: 431.9
