"query_type","rank","fragment_id","fragment_smiles","pathogen_combination","pathogen_count","total_compounds_both_pathogens","total_tp_count","total_tn_count","total_fp_count","total_fn_count","overall_avg_attribution","overall_max_attribution","avg_activity_rate_percent","consistency_breakdown","pathogen_examples"
POSITIVE SUBSTITUENTS,1,205807,CCOP(=O)(CO)OCC,C. albicans + E. coli (NOT S. aureus),2,30,30,0,0,0,0.3770,0.3808,100.00,c_albicans: 100.0% positive (14/14) | Range: 0.366 to 0.381 || c_albicans: 100.0% positive (14/14) | Range: 0.366 to 0.381 || c_albicans: 100.0% positive (14/14) | Range: 0.366 to 0.381 || c_albicans: 100.0% positive (14/14) | Range: 0.366 to 0.381 || c_albicans: 100.0% positive (14/14) | Range: 0.366 to 0.381 || c_albicans: 100.0% positive (14/14) | Range: 0.366 to 0.381 || c_albicans: 100.0% positive (14/14) | Range: 0.366 to 0.381 || c_albicans: 100.0% positive (14/14) | Range: 0.366 to 0.381 || c_albicans: 100.0% positive (14/14) | Range: 0.366 to 0.381 || c_albicans: 100.0% positive (14/14) | Range: 0.366 to 0.381 || c_albicans: 100.0% positive (14/14) | Range: 0.366 to 0.381 || c_albicans: 100.0% positive (14/14) | Range: 0.366 to 0.381 || c_albicans: 100.0% positive (14/14) | Range: 0.366 to 0.381 || c_albicans: 100.0% positive (14/14) | Range: 0.366 to 0.381 || c_albicans: 100.0% positive (14/14) | Range: 0.366 to 0.381 || c_albicans: 100.0% positive (14/14) | Range: 0.366 to 0.381 || c_albicans: 100.0% positive (14/14) | Range: 0.366 to 0.381 || c_albicans: 100.0% positive (14/14) | Range: 0.366 to 0.381 || c_albicans: 100.0% positive (14/14) | Range: 0.366 to 0.381 || c_albicans: 100.0% positive (14/14) | Range: 0.366 to 0.381 || c_albicans: 100.0% positive (14/14) | Range: 0.366 to 0.381 || c_albicans: 100.0% positive (14/14) | Range: 0.366 to 0.381 || c_albicans: 100.0% positive (14/14) | Range: 0.366 to 0.381 || c_albicans: 100.0% positive (14/14) | Range: 0.366 to 0.381 || c_albicans: 100.0% positive (14/14) | Range: 0.366 to 0.381 || c_albicans: 100.0% positive (14/14) | Range: 0.366 to 0.381 || c_albicans: 100.0% positive (14/14) | Range: 0.366 to 0.381 || c_albicans: 100.0% positive (14/14) | Range: 0.366 to 0.381 || c_albicans: 100.0% positive (14/14) | Range: 0.366 to 0.381 || c_albicans: 100.0% positive (14/14) | Range: 0.366 to 0.381 || e_coli: 100.0% positive (16/16) | Range: 0.338 to 0.381 || e_coli: 100.0% positive (16/16) | Range: 0.338 to 0.381 || e_coli: 100.0% positive (16/16) | Range: 0.338 to 0.381 || e_coli: 100.0% positive (16/16) | Range: 0.338 to 0.381 || e_coli: 100.0% positive (16/16) | Range: 0.338 to 0.381 || e_coli: 100.0% positive (16/16) | Range: 0.338 to 0.381 || e_coli: 100.0% positive (16/16) | Range: 0.338 to 0.381 || e_coli: 100.0% positive (16/16) | Range: 0.338 to 0.381 || e_coli: 100.0% positive (16/16) | Range: 0.338 to 0.381 || e_coli: 100.0% positive (16/16) | Range: 0.338 to 0.381 || e_coli: 100.0% positive (16/16) | Range: 0.338 to 0.381 || e_coli: 100.0% positive (16/16) | Range: 0.338 to 0.381 || e_coli: 100.0% positive (16/16) | Range: 0.338 to 0.381 || e_coli: 100.0% positive (16/16) | Range: 0.338 to 0.381 || e_coli: 100.0% positive (16/16) | Range: 0.338 to 0.381 || e_coli: 100.0% positive (16/16) | Range: 0.338 to 0.381 || e_coli: 100.0% positive (16/16) | Range: 0.338 to 0.381 || e_coli: 100.0% positive (16/16) | Range: 0.338 to 0.381 || e_coli: 100.0% positive (16/16) | Range: 0.338 to 0.381 || e_coli: 100.0% positive (16/16) | Range: 0.338 to 0.381 || e_coli: 100.0% positive (16/16) | Range: 0.338 to 0.381 || e_coli: 100.0% positive (16/16) | Range: 0.338 to 0.381 || e_coli: 100.0% positive (16/16) | Range: 0.338 to 0.381 || e_coli: 100.0% positive (16/16) | Range: 0.338 to 0.381 || e_coli: 100.0% positive (16/16) | Range: 0.338 to 0.381 || e_coli: 100.0% positive (16/16) | Range: 0.338 to 0.381 || e_coli: 100.0% positive (16/16) | Range: 0.338 to 0.381 || e_coli: 100.0% positive (16/16) | Range: 0.338 to 0.381 || e_coli: 100.0% positive (16/16) | Range: 0.338 to 0.381 || e_coli: 100.0% positive (16/16) | Range: 0.338 to 0.381,c_albicans Example: CHEMBL1087257 | SMILES: CCOP(=O)(OCC)C(O)C1=CC2=CC=CC(C)=C2N2N=NN=C12 | Target: 1 | Attribution: 0.381 | Prediction: 0.994 | MW: 350.3 || c_albicans Example: CHEMBL1087257 | SMILES: CCOP(=O)(OCC)C(O)C1=CC2=CC=CC(C)=C2N2N=NN=C12 | Target: 1 | Attribution: 0.381 | Prediction: 0.994 | MW: 350.3 || e_coli Example: CHEMBL1076783 | SMILES: CCOC1=CC=C2C(=C1)C=C(C(O)P(=O)(OCC)OCC)C1=NN=NN12 | Target: 1 | Attribution: 0.381 | Prediction: 0.943 | MW: 380.3 || e_coli Example: CHEMBL1076783 | SMILES: CCOC1=CC=C2C(=C1)C=C(C(O)P(=O)(OCC)OCC)C1=NN=NN12 | Target: 1 | Attribution: 0.381 | Prediction: 0.943 | MW: 380.3
POSITIVE SUBSTITUENTS,2,207507,COC1=CC=C(/C=C/C(=O)C2=C(O)C=C(C)OC2=O)C=C1,C. albicans + E. coli (NOT S. aureus),2,25,25,0,0,0,0.2368,0.3640,100.00,c_albicans: 50.0% positive (8/16) | Range: 0.026 to 0.140 || c_albicans: 50.0% positive (8/16) | Range: 0.026 to 0.140 || c_albicans: 50.0% positive (8/16) | Range: 0.026 to 0.140 || c_albicans: 50.0% positive (8/16) | Range: 0.026 to 0.140 || c_albicans: 50.0% positive (8/16) | Range: 0.026 to 0.140 || c_albicans: 50.0% positive (8/16) | Range: 0.026 to 0.140 || c_albicans: 50.0% positive (8/16) | Range: 0.026 to 0.140 || c_albicans: 50.0% positive (8/16) | Range: 0.026 to 0.140 || c_albicans: 50.0% positive (8/16) | Range: 0.026 to 0.140 || c_albicans: 50.0% positive (8/16) | Range: 0.026 to 0.140 || c_albicans: 50.0% positive (8/16) | Range: 0.026 to 0.140 || c_albicans: 50.0% positive (8/16) | Range: 0.026 to 0.140 || c_albicans: 50.0% positive (8/16) | Range: 0.026 to 0.140 || c_albicans: 50.0% positive (8/16) | Range: 0.026 to 0.140 || c_albicans: 50.0% positive (8/16) | Range: 0.026 to 0.140 || c_albicans: 50.0% positive (8/16) | Range: 0.026 to 0.140 || c_albicans: 50.0% positive (8/16) | Range: 0.026 to 0.140 || c_albicans: 50.0% positive (8/16) | Range: 0.026 to 0.140 || c_albicans: 50.0% positive (8/16) | Range: 0.026 to 0.140 || c_albicans: 50.0% positive (8/16) | Range: 0.026 to 0.140 || c_albicans: 50.0% positive (8/16) | Range: 0.026 to 0.140 || c_albicans: 50.0% positive (8/16) | Range: 0.026 to 0.140 || c_albicans: 50.0% positive (8/16) | Range: 0.026 to 0.140 || c_albicans: 50.0% positive (8/16) | Range: 0.026 to 0.140 || c_albicans: 50.0% positive (8/16) | Range: 0.026 to 0.140 || e_coli: 100.0% positive (17/17) | Range: 0.342 to 0.364 || e_coli: 100.0% positive (17/17) | Range: 0.342 to 0.364 || e_coli: 100.0% positive (17/17) | Range: 0.342 to 0.364 || e_coli: 100.0% positive (17/17) | Range: 0.342 to 0.364 || e_coli: 100.0% positive (17/17) | Range: 0.342 to 0.364 || e_coli: 100.0% positive (17/17) | Range: 0.342 to 0.364 || e_coli: 100.0% positive (17/17) | Range: 0.342 to 0.364 || e_coli: 100.0% positive (17/17) | Range: 0.342 to 0.364 || e_coli: 100.0% positive (17/17) | Range: 0.342 to 0.364 || e_coli: 100.0% positive (17/17) | Range: 0.342 to 0.364 || e_coli: 100.0% positive (17/17) | Range: 0.342 to 0.364 || e_coli: 100.0% positive (17/17) | Range: 0.342 to 0.364 || e_coli: 100.0% positive (17/17) | Range: 0.342 to 0.364 || e_coli: 100.0% positive (17/17) | Range: 0.342 to 0.364 || e_coli: 100.0% positive (17/17) | Range: 0.342 to 0.364 || e_coli: 100.0% positive (17/17) | Range: 0.342 to 0.364 || e_coli: 100.0% positive (17/17) | Range: 0.342 to 0.364 || e_coli: 100.0% positive (17/17) | Range: 0.342 to 0.364 || e_coli: 100.0% positive (17/17) | Range: 0.342 to 0.364 || e_coli: 100.0% positive (17/17) | Range: 0.342 to 0.364 || e_coli: 100.0% positive (17/17) | Range: 0.342 to 0.364 || e_coli: 100.0% positive (17/17) | Range: 0.342 to 0.364 || e_coli: 100.0% positive (17/17) | Range: 0.342 to 0.364 || e_coli: 100.0% positive (17/17) | Range: 0.342 to 0.364 || e_coli: 100.0% positive (17/17) | Range: 0.342 to 0.364,c_albicans Example: CHEMBL4776059 | SMILES: CC1=CC(O)=C(C(=O)/C=C/C2=CC=C(OCC3=CN(CC4=CC=C([N+](=O)[O-])C=C4)N=N3)C=C2)C(=O)O1 | Target: 1 | Attribution: 0.140 | Prediction: 0.958 | MW: 488.5 || c_albicans Example: CHEMBL4776059 | SMILES: CC1=CC(O)=C(C(=O)/C=C/C2=CC=C(OCC3=CN(CC4=CC=C([N+](=O)[O-])C=C4)N=N3)C=C2)C(=O)O1 | Target: 1 | Attribution: 0.140 | Prediction: 0.958 | MW: 488.5 || e_coli Example: CHEMBL4744600 | SMILES: CC1=CC(O)=C(C(=O)/C=C/C2=CC=C(OCC3=CN(CC4=CC=CC([N+](=O)[O-])=C4)N=N3)C=C2)C(=O)O1 | Target: 1 | Attribution: 0.364 | Prediction: 0.939 | MW: 488.5 || e_coli Example: CHEMBL4744600 | SMILES: CC1=CC(O)=C(C(=O)/C=C/C2=CC=C(OCC3=CN(CC4=CC=CC([N+](=O)[O-])=C4)N=N3)C=C2)C(=O)O1 | Target: 1 | Attribution: 0.364 | Prediction: 0.939 | MW: 488.5
POSITIVE SUBSTITUENTS,3,206994,CC1=CN=C(C(F)(F)F)N=C1,C. albicans + E. coli (NOT S. aureus),2,20,20,0,0,0,0.3490,0.3808,100.00,c_albicans: 100.0% positive (10/10) | Range: 0.325 to 0.381 || c_albicans: 100.0% positive (10/10) | Range: 0.325 to 0.381 || c_albicans: 100.0% positive (10/10) | Range: 0.325 to 0.381 || c_albicans: 100.0% positive (10/10) | Range: 0.325 to 0.381 || c_albicans: 100.0% positive (10/10) | Range: 0.325 to 0.381 || c_albicans: 100.0% positive (10/10) | Range: 0.325 to 0.381 || c_albicans: 100.0% positive (10/10) | Range: 0.325 to 0.381 || c_albicans: 100.0% positive (10/10) | Range: 0.325 to 0.381 || c_albicans: 100.0% positive (10/10) | Range: 0.325 to 0.381 || c_albicans: 100.0% positive (10/10) | Range: 0.325 to 0.381 || c_albicans: 100.0% positive (10/10) | Range: 0.325 to 0.381 || c_albicans: 100.0% positive (10/10) | Range: 0.325 to 0.381 || c_albicans: 100.0% positive (10/10) | Range: 0.325 to 0.381 || c_albicans: 100.0% positive (10/10) | Range: 0.325 to 0.381 || c_albicans: 100.0% positive (10/10) | Range: 0.325 to 0.381 || c_albicans: 100.0% positive (10/10) | Range: 0.325 to 0.381 || c_albicans: 100.0% positive (10/10) | Range: 0.325 to 0.381 || c_albicans: 100.0% positive (10/10) | Range: 0.325 to 0.381 || c_albicans: 100.0% positive (10/10) | Range: 0.325 to 0.381 || c_albicans: 100.0% positive (10/10) | Range: 0.325 to 0.381 || e_coli: 100.0% positive (10/10) | Range: 0.243 to 0.364 || e_coli: 100.0% positive (10/10) | Range: 0.243 to 0.364 || e_coli: 100.0% positive (10/10) | Range: 0.243 to 0.364 || e_coli: 100.0% positive (10/10) | Range: 0.243 to 0.364 || e_coli: 100.0% positive (10/10) | Range: 0.243 to 0.364 || e_coli: 100.0% positive (10/10) | Range: 0.243 to 0.364 || e_coli: 100.0% positive (10/10) | Range: 0.243 to 0.364 || e_coli: 100.0% positive (10/10) | Range: 0.243 to 0.364 || e_coli: 100.0% positive (10/10) | Range: 0.243 to 0.364 || e_coli: 100.0% positive (10/10) | Range: 0.243 to 0.364 || e_coli: 100.0% positive (10/10) | Range: 0.243 to 0.364 || e_coli: 100.0% positive (10/10) | Range: 0.243 to 0.364 || e_coli: 100.0% positive (10/10) | Range: 0.243 to 0.364 || e_coli: 100.0% positive (10/10) | Range: 0.243 to 0.364 || e_coli: 100.0% positive (10/10) | Range: 0.243 to 0.364 || e_coli: 100.0% positive (10/10) | Range: 0.243 to 0.364 || e_coli: 100.0% positive (10/10) | Range: 0.243 to 0.364 || e_coli: 100.0% positive (10/10) | Range: 0.243 to 0.364 || e_coli: 100.0% positive (10/10) | Range: 0.243 to 0.364 || e_coli: 100.0% positive (10/10) | Range: 0.243 to 0.364,c_albicans Example: CHEMBL5433185 | SMILES: O=C1S/C(=C\C2=CN=C(C(F)(F)F)N=C2)C(=O)N1C(=O)C1=CC=C(Br)C=C1 | Target: 1 | Attribution: 0.381 | Prediction: 0.972 | MW: 458.2 || c_albicans Example: CHEMBL5433185 | SMILES: O=C1S/C(=C\C2=CN=C(C(F)(F)F)N=C2)C(=O)N1C(=O)C1=CC=C(Br)C=C1 | Target: 1 | Attribution: 0.381 | Prediction: 0.972 | MW: 458.2 || e_coli Example: CHEMBL5401695 | SMILES: O=C1S/C(=C\C2=CN=C(C(F)(F)F)N=C2)C(=O)N1C(=O)C1=CC=C(O)C=C1 | Target: 1 | Attribution: 0.364 | Prediction: 0.976 | MW: 395.3 || e_coli Example: CHEMBL5401695 | SMILES: O=C1S/C(=C\C2=CN=C(C(F)(F)F)N=C2)C(=O)N1C(=O)C1=CC=C(O)C=C1 | Target: 1 | Attribution: 0.364 | Prediction: 0.976 | MW: 395.3
POSITIVE SUBSTITUENTS,4,206685,CCOP(=O)(COC(C)=O)OCC,C. albicans + E. coli (NOT S. aureus),2,18,18,0,0,0,0.3784,0.3808,100.00,c_albicans: 100.0% positive (9/9) | Range: 0.381 to 0.381 || c_albicans: 100.0% positive (9/9) | Range: 0.381 to 0.381 || c_albicans: 100.0% positive (9/9) | Range: 0.381 to 0.381 || c_albicans: 100.0% positive (9/9) | Range: 0.381 to 0.381 || c_albicans: 100.0% positive (9/9) | Range: 0.381 to 0.381 || c_albicans: 100.0% positive (9/9) | Range: 0.381 to 0.381 || c_albicans: 100.0% positive (9/9) | Range: 0.381 to 0.381 || c_albicans: 100.0% positive (9/9) | Range: 0.381 to 0.381 || c_albicans: 100.0% positive (9/9) | Range: 0.381 to 0.381 || c_albicans: 100.0% positive (9/9) | Range: 0.381 to 0.381 || c_albicans: 100.0% positive (9/9) | Range: 0.381 to 0.381 || c_albicans: 100.0% positive (9/9) | Range: 0.381 to 0.381 || c_albicans: 100.0% positive (9/9) | Range: 0.381 to 0.381 || c_albicans: 100.0% positive (9/9) | Range: 0.381 to 0.381 || c_albicans: 100.0% positive (9/9) | Range: 0.381 to 0.381 || c_albicans: 100.0% positive (9/9) | Range: 0.381 to 0.381 || c_albicans: 100.0% positive (9/9) | Range: 0.381 to 0.381 || c_albicans: 100.0% positive (9/9) | Range: 0.381 to 0.381 || e_coli: 100.0% positive (9/9) | Range: 0.369 to 0.381 || e_coli: 100.0% positive (9/9) | Range: 0.369 to 0.381 || e_coli: 100.0% positive (9/9) | Range: 0.369 to 0.381 || e_coli: 100.0% positive (9/9) | Range: 0.369 to 0.381 || e_coli: 100.0% positive (9/9) | Range: 0.369 to 0.381 || e_coli: 100.0% positive (9/9) | Range: 0.369 to 0.381 || e_coli: 100.0% positive (9/9) | Range: 0.369 to 0.381 || e_coli: 100.0% positive (9/9) | Range: 0.369 to 0.381 || e_coli: 100.0% positive (9/9) | Range: 0.369 to 0.381 || e_coli: 100.0% positive (9/9) | Range: 0.369 to 0.381 || e_coli: 100.0% positive (9/9) | Range: 0.369 to 0.381 || e_coli: 100.0% positive (9/9) | Range: 0.369 to 0.381 || e_coli: 100.0% positive (9/9) | Range: 0.369 to 0.381 || e_coli: 100.0% positive (9/9) | Range: 0.369 to 0.381 || e_coli: 100.0% positive (9/9) | Range: 0.369 to 0.381 || e_coli: 100.0% positive (9/9) | Range: 0.369 to 0.381 || e_coli: 100.0% positive (9/9) | Range: 0.369 to 0.381 || e_coli: 100.0% positive (9/9) | Range: 0.369 to 0.381,c_albicans Example: CHEMBL1076837 | SMILES: CCOP(=O)(OCC)C(OC(C)=O)C1=CC2=CC=CC(OC)=C2N2N=NN=C12 | Target: 1 | Attribution: 0.381 | Prediction: 0.997 | MW: 408.4 || c_albicans Example: CHEMBL1076837 | SMILES: CCOP(=O)(OCC)C(OC(C)=O)C1=CC2=CC=CC(OC)=C2N2N=NN=C12 | Target: 1 | Attribution: 0.381 | Prediction: 0.997 | MW: 408.4 || e_coli Example: CHEMBL1086630 | SMILES: CCOC1=CC=C2C(=C1)C=C(C(OC(C)=O)P(=O)(OCC)OCC)C1=NN=NN12 | Target: 1 | Attribution: 0.381 | Prediction: 0.957 | MW: 422.4 || e_coli Example: CHEMBL1086630 | SMILES: CCOC1=CC=C2C(=C1)C=C(C(OC(C)=O)P(=O)(OCC)OCC)C1=NN=NN12 | Target: 1 | Attribution: 0.381 | Prediction: 0.957 | MW: 422.4
POSITIVE SUBSTITUENTS,5,205618,C-CC(C(C#N)C(=O)OCC)P(=O)(OCC)OCC,C. albicans + E. coli (NOT S. aureus),2,18,18,0,0,0,0.3496,0.3808,100.00,c_albicans: 100.0% positive (9/9) | Range: 0.185 to 0.381 || c_albicans: 100.0% positive (9/9) | Range: 0.185 to 0.381 || c_albicans: 100.0% positive (9/9) | Range: 0.185 to 0.381 || c_albicans: 100.0% positive (9/9) | Range: 0.185 to 0.381 || c_albicans: 100.0% positive (9/9) | Range: 0.185 to 0.381 || c_albicans: 100.0% positive (9/9) | Range: 0.185 to 0.381 || c_albicans: 100.0% positive (9/9) | Range: 0.185 to 0.381 || c_albicans: 100.0% positive (9/9) | Range: 0.185 to 0.381 || c_albicans: 100.0% positive (9/9) | Range: 0.185 to 0.381 || c_albicans: 100.0% positive (9/9) | Range: 0.185 to 0.381 || c_albicans: 100.0% positive (9/9) | Range: 0.185 to 0.381 || c_albicans: 100.0% positive (9/9) | Range: 0.185 to 0.381 || c_albicans: 100.0% positive (9/9) | Range: 0.185 to 0.381 || c_albicans: 100.0% positive (9/9) | Range: 0.185 to 0.381 || c_albicans: 100.0% positive (9/9) | Range: 0.185 to 0.381 || c_albicans: 100.0% positive (9/9) | Range: 0.185 to 0.381 || c_albicans: 100.0% positive (9/9) | Range: 0.185 to 0.381 || c_albicans: 100.0% positive (9/9) | Range: 0.185 to 0.381 || e_coli: 100.0% positive (9/9) | Range: 0.330 to 0.360 || e_coli: 100.0% positive (9/9) | Range: 0.330 to 0.360 || e_coli: 100.0% positive (9/9) | Range: 0.330 to 0.360 || e_coli: 100.0% positive (9/9) | Range: 0.330 to 0.360 || e_coli: 100.0% positive (9/9) | Range: 0.330 to 0.360 || e_coli: 100.0% positive (9/9) | Range: 0.330 to 0.360 || e_coli: 100.0% positive (9/9) | Range: 0.330 to 0.360 || e_coli: 100.0% positive (9/9) | Range: 0.330 to 0.360 || e_coli: 100.0% positive (9/9) | Range: 0.330 to 0.360 || e_coli: 100.0% positive (9/9) | Range: 0.330 to 0.360 || e_coli: 100.0% positive (9/9) | Range: 0.330 to 0.360 || e_coli: 100.0% positive (9/9) | Range: 0.330 to 0.360 || e_coli: 100.0% positive (9/9) | Range: 0.330 to 0.360 || e_coli: 100.0% positive (9/9) | Range: 0.330 to 0.360 || e_coli: 100.0% positive (9/9) | Range: 0.330 to 0.360 || e_coli: 100.0% positive (9/9) | Range: 0.330 to 0.360 || e_coli: 100.0% positive (9/9) | Range: 0.330 to 0.360 || e_coli: 100.0% positive (9/9) | Range: 0.330 to 0.360,c_albicans Example: CHEMBL4466334 | SMILES: CCOC(=O)C(C#N)C(C1=CC2=CC=C(OC)C=C2N2N=NN=C12)P(=O)(OCC)OCC | Target: 1 | Attribution: 0.381 | Prediction: 0.993 | MW: 461.4 || c_albicans Example: CHEMBL4466334 | SMILES: CCOC(=O)C(C#N)C(C1=CC2=CC=C(OC)C=C2N2N=NN=C12)P(=O)(OCC)OCC | Target: 1 | Attribution: 0.381 | Prediction: 0.993 | MW: 461.4 || e_coli Example: CHEMBL4444466 | SMILES: CCOC(=O)C(C#N)C(C1=CC2=C(C)C=CC=C2N2N=NN=C12)P(=O)(OCC)OCC | Target: 1 | Attribution: 0.360 | Prediction: 0.965 | MW: 445.4 || e_coli Example: CHEMBL4444466 | SMILES: CCOC(=O)C(C#N)C(C1=CC2=C(C)C=CC=C2N2N=NN=C12)P(=O)(OCC)OCC | Target: 1 | Attribution: 0.360 | Prediction: 0.965 | MW: 445.4
POSITIVE SUBSTITUENTS,6,205617,CCOC(=O)C(C#N)CP(=O)(OCC)OCC,C. albicans + E. coli (NOT S. aureus),2,18,18,0,0,0,0.3108,0.3808,100.00,c_albicans: 100.0% positive (9/9) | Range: 0.133 to 0.297 || c_albicans: 100.0% positive (9/9) | Range: 0.133 to 0.297 || c_albicans: 100.0% positive (9/9) | Range: 0.133 to 0.297 || c_albicans: 100.0% positive (9/9) | Range: 0.133 to 0.297 || c_albicans: 100.0% positive (9/9) | Range: 0.133 to 0.297 || c_albicans: 100.0% positive (9/9) | Range: 0.133 to 0.297 || c_albicans: 100.0% positive (9/9) | Range: 0.133 to 0.297 || c_albicans: 100.0% positive (9/9) | Range: 0.133 to 0.297 || c_albicans: 100.0% positive (9/9) | Range: 0.133 to 0.297 || c_albicans: 100.0% positive (9/9) | Range: 0.133 to 0.297 || c_albicans: 100.0% positive (9/9) | Range: 0.133 to 0.297 || c_albicans: 100.0% positive (9/9) | Range: 0.133 to 0.297 || c_albicans: 100.0% positive (9/9) | Range: 0.133 to 0.297 || c_albicans: 100.0% positive (9/9) | Range: 0.133 to 0.297 || c_albicans: 100.0% positive (9/9) | Range: 0.133 to 0.297 || c_albicans: 100.0% positive (9/9) | Range: 0.133 to 0.297 || c_albicans: 100.0% positive (9/9) | Range: 0.133 to 0.297 || c_albicans: 100.0% positive (9/9) | Range: 0.133 to 0.297 || e_coli: 100.0% positive (9/9) | Range: 0.369 to 0.381 || e_coli: 100.0% positive (9/9) | Range: 0.369 to 0.381 || e_coli: 100.0% positive (9/9) | Range: 0.369 to 0.381 || e_coli: 100.0% positive (9/9) | Range: 0.369 to 0.381 || e_coli: 100.0% positive (9/9) | Range: 0.369 to 0.381 || e_coli: 100.0% positive (9/9) | Range: 0.369 to 0.381 || e_coli: 100.0% positive (9/9) | Range: 0.369 to 0.381 || e_coli: 100.0% positive (9/9) | Range: 0.369 to 0.381 || e_coli: 100.0% positive (9/9) | Range: 0.369 to 0.381 || e_coli: 100.0% positive (9/9) | Range: 0.369 to 0.381 || e_coli: 100.0% positive (9/9) | Range: 0.369 to 0.381 || e_coli: 100.0% positive (9/9) | Range: 0.369 to 0.381 || e_coli: 100.0% positive (9/9) | Range: 0.369 to 0.381 || e_coli: 100.0% positive (9/9) | Range: 0.369 to 0.381 || e_coli: 100.0% positive (9/9) | Range: 0.369 to 0.381 || e_coli: 100.0% positive (9/9) | Range: 0.369 to 0.381 || e_coli: 100.0% positive (9/9) | Range: 0.369 to 0.381 || e_coli: 100.0% positive (9/9) | Range: 0.369 to 0.381,c_albicans Example: CHEMBL4443231 | SMILES: CCOC(=O)C(C#N)C(C1=CC2=CC=CC=C2N2N=NN=C12)P(=O)(OCC)OCC | Target: 1 | Attribution: 0.297 | Prediction: 0.991 | MW: 431.4 || c_albicans Example: CHEMBL4443231 | SMILES: CCOC(=O)C(C#N)C(C1=CC2=CC=CC=C2N2N=NN=C12)P(=O)(OCC)OCC | Target: 1 | Attribution: 0.297 | Prediction: 0.991 | MW: 431.4 || e_coli Example: CHEMBL4466334 | SMILES: CCOC(=O)C(C#N)C(C1=CC2=CC=C(OC)C=C2N2N=NN=C12)P(=O)(OCC)OCC | Target: 1 | Attribution: 0.381 | Prediction: 0.959 | MW: 461.4 || e_coli Example: CHEMBL4466334 | SMILES: CCOC(=O)C(C#N)C(C1=CC2=CC=C(OC)C=C2N2N=NN=C12)P(=O)(OCC)OCC | Target: 1 | Attribution: 0.381 | Prediction: 0.959 | MW: 461.4
POSITIVE SUBSTITUENTS,7,205808,C-CC(O)P(=O)(OCC)OCC,C. albicans + E. coli (NOT S. aureus),2,18,18,0,0,0,0.3004,0.3369,100.00,c_albicans: 100.0% positive (9/9) | Range: 0.222 to 0.337 || c_albicans: 100.0% positive (9/9) | Range: 0.222 to 0.337 || c_albicans: 100.0% positive (9/9) | Range: 0.222 to 0.337 || c_albicans: 100.0% positive (9/9) | Range: 0.222 to 0.337 || c_albicans: 100.0% positive (9/9) | Range: 0.222 to 0.337 || c_albicans: 100.0% positive (9/9) | Range: 0.222 to 0.337 || c_albicans: 100.0% positive (9/9) | Range: 0.222 to 0.337 || c_albicans: 100.0% positive (9/9) | Range: 0.222 to 0.337 || c_albicans: 100.0% positive (9/9) | Range: 0.222 to 0.337 || c_albicans: 100.0% positive (9/9) | Range: 0.222 to 0.337 || c_albicans: 100.0% positive (9/9) | Range: 0.222 to 0.337 || c_albicans: 100.0% positive (9/9) | Range: 0.222 to 0.337 || c_albicans: 100.0% positive (9/9) | Range: 0.222 to 0.337 || c_albicans: 100.0% positive (9/9) | Range: 0.222 to 0.337 || c_albicans: 100.0% positive (9/9) | Range: 0.222 to 0.337 || c_albicans: 100.0% positive (9/9) | Range: 0.222 to 0.337 || c_albicans: 100.0% positive (9/9) | Range: 0.222 to 0.337 || c_albicans: 100.0% positive (9/9) | Range: 0.222 to 0.337 || e_coli: 100.0% positive (9/9) | Range: 0.205 to 0.315 || e_coli: 100.0% positive (9/9) | Range: 0.205 to 0.315 || e_coli: 100.0% positive (9/9) | Range: 0.205 to 0.315 || e_coli: 100.0% positive (9/9) | Range: 0.205 to 0.315 || e_coli: 100.0% positive (9/9) | Range: 0.205 to 0.315 || e_coli: 100.0% positive (9/9) | Range: 0.205 to 0.315 || e_coli: 100.0% positive (9/9) | Range: 0.205 to 0.315 || e_coli: 100.0% positive (9/9) | Range: 0.205 to 0.315 || e_coli: 100.0% positive (9/9) | Range: 0.205 to 0.315 || e_coli: 100.0% positive (9/9) | Range: 0.205 to 0.315 || e_coli: 100.0% positive (9/9) | Range: 0.205 to 0.315 || e_coli: 100.0% positive (9/9) | Range: 0.205 to 0.315 || e_coli: 100.0% positive (9/9) | Range: 0.205 to 0.315 || e_coli: 100.0% positive (9/9) | Range: 0.205 to 0.315 || e_coli: 100.0% positive (9/9) | Range: 0.205 to 0.315 || e_coli: 100.0% positive (9/9) | Range: 0.205 to 0.315 || e_coli: 100.0% positive (9/9) | Range: 0.205 to 0.315 || e_coli: 100.0% positive (9/9) | Range: 0.205 to 0.315,c_albicans Example: CHEMBL1086618 | SMILES: CCOP(=O)(OCC)C(O)C1=CC2=CC=C(OC)C=C2N2N=NN=C12 | Target: 1 | Attribution: 0.337 | Prediction: 0.996 | MW: 366.3 || c_albicans Example: CHEMBL1086618 | SMILES: CCOP(=O)(OCC)C(O)C1=CC2=CC=C(OC)C=C2N2N=NN=C12 | Target: 1 | Attribution: 0.337 | Prediction: 0.996 | MW: 366.3 || e_coli Example: CHEMBL1087515 | SMILES: CCOP(=O)(OCC)C(O)C1=CC2=CC=C(C)C=C2N2N=NN=C12 | Target: 1 | Attribution: 0.315 | Prediction: 0.972 | MW: 350.3 || e_coli Example: CHEMBL1087515 | SMILES: CCOP(=O)(OCC)C(O)C1=CC2=CC=C(C)C=C2N2N=NN=C12 | Target: 1 | Attribution: 0.315 | Prediction: 0.972 | MW: 350.3
POSITIVE SUBSTITUENTS,8,206686,C-CC(OC(C)=O)P(=O)(OCC)OCC,C. albicans + E. coli (NOT S. aureus),2,17,17,0,0,0,0.1977,0.2711,100.00,c_albicans: 88.9% positive (8/9) | Range: 0.080 to 0.197 || c_albicans: 88.9% positive (8/9) | Range: 0.080 to 0.197 || c_albicans: 88.9% positive (8/9) | Range: 0.080 to 0.197 || c_albicans: 88.9% positive (8/9) | Range: 0.080 to 0.197 || c_albicans: 88.9% positive (8/9) | Range: 0.080 to 0.197 || c_albicans: 88.9% positive (8/9) | Range: 0.080 to 0.197 || c_albicans: 88.9% positive (8/9) | Range: 0.080 to 0.197 || c_albicans: 88.9% positive (8/9) | Range: 0.080 to 0.197 || c_albicans: 88.9% positive (8/9) | Range: 0.080 to 0.197 || c_albicans: 88.9% positive (8/9) | Range: 0.080 to 0.197 || c_albicans: 88.9% positive (8/9) | Range: 0.080 to 0.197 || c_albicans: 88.9% positive (8/9) | Range: 0.080 to 0.197 || c_albicans: 88.9% positive (8/9) | Range: 0.080 to 0.197 || c_albicans: 88.9% positive (8/9) | Range: 0.080 to 0.197 || c_albicans: 88.9% positive (8/9) | Range: 0.080 to 0.197 || c_albicans: 88.9% positive (8/9) | Range: 0.080 to 0.197 || c_albicans: 88.9% positive (8/9) | Range: 0.080 to 0.197 || e_coli: 100.0% positive (9/9) | Range: 0.140 to 0.271 || e_coli: 100.0% positive (9/9) | Range: 0.140 to 0.271 || e_coli: 100.0% positive (9/9) | Range: 0.140 to 0.271 || e_coli: 100.0% positive (9/9) | Range: 0.140 to 0.271 || e_coli: 100.0% positive (9/9) | Range: 0.140 to 0.271 || e_coli: 100.0% positive (9/9) | Range: 0.140 to 0.271 || e_coli: 100.0% positive (9/9) | Range: 0.140 to 0.271 || e_coli: 100.0% positive (9/9) | Range: 0.140 to 0.271 || e_coli: 100.0% positive (9/9) | Range: 0.140 to 0.271 || e_coli: 100.0% positive (9/9) | Range: 0.140 to 0.271 || e_coli: 100.0% positive (9/9) | Range: 0.140 to 0.271 || e_coli: 100.0% positive (9/9) | Range: 0.140 to 0.271 || e_coli: 100.0% positive (9/9) | Range: 0.140 to 0.271 || e_coli: 100.0% positive (9/9) | Range: 0.140 to 0.271 || e_coli: 100.0% positive (9/9) | Range: 0.140 to 0.271 || e_coli: 100.0% positive (9/9) | Range: 0.140 to 0.271 || e_coli: 100.0% positive (9/9) | Range: 0.140 to 0.271,c_albicans Example: CHEMBL1086629 | SMILES: CCOP(=O)(OCC)C(OC(C)=O)C1=CC2=CC=C(OC)C=C2N2N=NN=C12 | Target: 1 | Attribution: 0.197 | Prediction: 0.997 | MW: 408.4 || c_albicans Example: CHEMBL1086629 | SMILES: CCOP(=O)(OCC)C(OC(C)=O)C1=CC2=CC=C(OC)C=C2N2N=NN=C12 | Target: 1 | Attribution: 0.197 | Prediction: 0.997 | MW: 408.4 || e_coli Example: CHEMBL1076807 | SMILES: CCOP(=O)(OCC)C(OC(C)=O)C1=CC2=CC=C(C)C=C2N2N=NN=C12 | Target: 1 | Attribution: 0.271 | Prediction: 0.977 | MW: 392.4 || e_coli Example: CHEMBL1076807 | SMILES: CCOP(=O)(OCC)C(OC(C)=O)C1=CC2=CC=C(C)C=C2N2N=NN=C12 | Target: 1 | Attribution: 0.271 | Prediction: 0.977 | MW: 392.4
POSITIVE SUBSTITUENTS,9,205592,CN(CC1=CC=CC=C1)C(=O)OC(C)(C)C,C. albicans + E. coli (NOT S. aureus),2,14,14,0,0,0,0.3376,0.3808,100.00,c_albicans: 100.0% positive (6/6) | Range: 0.381 to 0.381 || c_albicans: 100.0% positive (6/6) | Range: 0.381 to 0.381 || c_albicans: 100.0% positive (6/6) | Range: 0.381 to 0.381 || c_albicans: 100.0% positive (6/6) | Range: 0.381 to 0.381 || c_albicans: 100.0% positive (6/6) | Range: 0.381 to 0.381 || c_albicans: 100.0% positive (6/6) | Range: 0.381 to 0.381 || c_albicans: 100.0% positive (6/6) | Range: 0.381 to 0.381 || c_albicans: 100.0% positive (6/6) | Range: 0.381 to 0.381 || c_albicans: 100.0% positive (6/6) | Range: 0.381 to 0.381 || c_albicans: 100.0% positive (6/6) | Range: 0.381 to 0.381 || c_albicans: 100.0% positive (6/6) | Range: 0.381 to 0.381 || c_albicans: 100.0% positive (6/6) | Range: 0.381 to 0.381 || c_albicans: 100.0% positive (6/6) | Range: 0.381 to 0.381 || c_albicans: 100.0% positive (6/6) | Range: 0.381 to 0.381 || e_coli: 100.0% positive (8/8) | Range: 0.221 to 0.320 || e_coli: 100.0% positive (8/8) | Range: 0.221 to 0.320 || e_coli: 100.0% positive (8/8) | Range: 0.221 to 0.320 || e_coli: 100.0% positive (8/8) | Range: 0.221 to 0.320 || e_coli: 100.0% positive (8/8) | Range: 0.221 to 0.320 || e_coli: 100.0% positive (8/8) | Range: 0.221 to 0.320 || e_coli: 100.0% positive (8/8) | Range: 0.221 to 0.320 || e_coli: 100.0% positive (8/8) | Range: 0.221 to 0.320 || e_coli: 100.0% positive (8/8) | Range: 0.221 to 0.320 || e_coli: 100.0% positive (8/8) | Range: 0.221 to 0.320 || e_coli: 100.0% positive (8/8) | Range: 0.221 to 0.320 || e_coli: 100.0% positive (8/8) | Range: 0.221 to 0.320 || e_coli: 100.0% positive (8/8) | Range: 0.221 to 0.320 || e_coli: 100.0% positive (8/8) | Range: 0.221 to 0.320,c_albicans Example: CHEMBL1911800 | SMILES: CC1=CC(C)=CC(S(=O)(=O)OC(CN(CC2=CC=CC=C2)C(=O)OC(C)(C)C)C2=CC=CC=C2)=C1 | Target: 1 | Attribution: 0.381 | Prediction: 0.945 | MW: 495.6 || c_albicans Example: CHEMBL1911800 | SMILES: CC1=CC(C)=CC(S(=O)(=O)OC(CN(CC2=CC=CC=C2)C(=O)OC(C)(C)C)C2=CC=CC=C2)=C1 | Target: 1 | Attribution: 0.381 | Prediction: 0.945 | MW: 495.6 || e_coli Example: CHEMBL1911806 | SMILES: CC1=CC=C(S(=O)(=O)OC(CN(CC2=CC=CC=C2)C(=O)OC(C)(C)C)C2=CC=CC=C2)C=C1 | Target: 1 | Attribution: 0.320 | Prediction: 0.902 | MW: 481.6 || e_coli Example: CHEMBL1911806 | SMILES: CC1=CC=C(S(=O)(=O)OC(CN(CC2=CC=CC=C2)C(=O)OC(C)(C)C)C2=CC=CC=C2)C=C1 | Target: 1 | Attribution: 0.320 | Prediction: 0.902 | MW: 481.6
POSITIVE SUBSTITUENTS,10,206990,CCCNCC=C(C)C,C. albicans + E. coli (NOT S. aureus),2,14,14,0,0,0,0.2368,0.3243,100.00,c_albicans: 57.1% positive (4/7) | Range: -0.174 to 0.195 || c_albicans: 57.1% positive (4/7) | Range: -0.174 to 0.195 || c_albicans: 57.1% positive (4/7) | Range: -0.174 to 0.195 || c_albicans: 57.1% positive (4/7) | Range: -0.174 to 0.195 || c_albicans: 57.1% positive (4/7) | Range: -0.174 to 0.195 || c_albicans: 57.1% positive (4/7) | Range: -0.174 to 0.195 || c_albicans: 57.1% positive (4/7) | Range: -0.174 to 0.195 || c_albicans: 57.1% positive (4/7) | Range: -0.174 to 0.195 || c_albicans: 57.1% positive (4/7) | Range: -0.174 to 0.195 || c_albicans: 57.1% positive (4/7) | Range: -0.174 to 0.195 || c_albicans: 57.1% positive (4/7) | Range: -0.174 to 0.195 || c_albicans: 57.1% positive (4/7) | Range: -0.174 to 0.195 || c_albicans: 57.1% positive (4/7) | Range: -0.174 to 0.195 || c_albicans: 57.1% positive (4/7) | Range: -0.174 to 0.195 || e_coli: 90.9% positive (10/11) | Range: -0.267 to 0.324 || e_coli: 90.9% positive (10/11) | Range: -0.267 to 0.324 || e_coli: 90.9% positive (10/11) | Range: -0.267 to 0.324 || e_coli: 90.9% positive (10/11) | Range: -0.267 to 0.324 || e_coli: 90.9% positive (10/11) | Range: -0.267 to 0.324 || e_coli: 90.9% positive (10/11) | Range: -0.267 to 0.324 || e_coli: 90.9% positive (10/11) | Range: -0.267 to 0.324 || e_coli: 90.9% positive (10/11) | Range: -0.267 to 0.324 || e_coli: 90.9% positive (10/11) | Range: -0.267 to 0.324 || e_coli: 90.9% positive (10/11) | Range: -0.267 to 0.324 || e_coli: 90.9% positive (10/11) | Range: -0.267 to 0.324 || e_coli: 90.9% positive (10/11) | Range: -0.267 to 0.324 || e_coli: 90.9% positive (10/11) | Range: -0.267 to 0.324 || e_coli: 90.9% positive (10/11) | Range: -0.267 to 0.324,c_albicans Example: CHEMBL5422484 | SMILES: CC(C)=CCN1CCCC2=CC(OCCCCCCNC(=N)N)=CC=C21 | Target: 1 | Attribution: 0.195 | Prediction: 0.818 | MW: 358.5 || c_albicans Example: CHEMBL5422484 | SMILES: CC(C)=CCN1CCCC2=CC(OCCCCCCNC(=N)N)=CC=C21 | Target: 1 | Attribution: 0.195 | Prediction: 0.818 | MW: 358.5 || e_coli Example: CHEMBL5429010 | SMILES: CC(C)=CCN1CCCC2=CC(OCCCNC(=N)N)=CC=C21 | Target: 1 | Attribution: 0.324 | Prediction: 0.786 | MW: 316.4 || e_coli Example: CHEMBL5429010 | SMILES: CC(C)=CCN1CCCC2=CC(OCCCNC(=N)N)=CC=C21 | Target: 1 | Attribution: 0.324 | Prediction: 0.786 | MW: 316.4
POSITIVE SUBSTITUENTS,11,216472,COC1=C(/C=C/C(=O)C2=CC=C([N+](=O)[O-])C=C2)C2=CC=CC=C2C=C1,C. albicans + E. coli (NOT S. aureus),2,12,12,0,0,0,0.2977,0.3485,100.00,c_albicans: 100.0% positive (6/6) | Range: 0.303 to 0.348 || c_albicans: 100.0% positive (6/6) | Range: 0.303 to 0.348 || c_albicans: 100.0% positive (6/6) | Range: 0.303 to 0.348 || c_albicans: 100.0% positive (6/6) | Range: 0.303 to 0.348 || c_albicans: 100.0% positive (6/6) | Range: 0.303 to 0.348 || c_albicans: 100.0% positive (6/6) | Range: 0.303 to 0.348 || c_albicans: 100.0% positive (6/6) | Range: 0.303 to 0.348 || c_albicans: 100.0% positive (6/6) | Range: 0.303 to 0.348 || c_albicans: 100.0% positive (6/6) | Range: 0.303 to 0.348 || c_albicans: 100.0% positive (6/6) | Range: 0.303 to 0.348 || c_albicans: 100.0% positive (6/6) | Range: 0.303 to 0.348 || c_albicans: 100.0% positive (6/6) | Range: 0.303 to 0.348 || e_coli: 100.0% positive (6/6) | Range: 0.256 to 0.296 || e_coli: 100.0% positive (6/6) | Range: 0.256 to 0.296 || e_coli: 100.0% positive (6/6) | Range: 0.256 to 0.296 || e_coli: 100.0% positive (6/6) | Range: 0.256 to 0.296 || e_coli: 100.0% positive (6/6) | Range: 0.256 to 0.296 || e_coli: 100.0% positive (6/6) | Range: 0.256 to 0.296 || e_coli: 100.0% positive (6/6) | Range: 0.256 to 0.296 || e_coli: 100.0% positive (6/6) | Range: 0.256 to 0.296 || e_coli: 100.0% positive (6/6) | Range: 0.256 to 0.296 || e_coli: 100.0% positive (6/6) | Range: 0.256 to 0.296 || e_coli: 100.0% positive (6/6) | Range: 0.256 to 0.296 || e_coli: 100.0% positive (6/6) | Range: 0.256 to 0.296,c_albicans Example: CHEMBL4163729 | SMILES: O=C(/C=C/C1=C2C=CC=CC2=CC=C1OCC1=CN(C2=CC=C(F)C=C2)N=N1)C1=CC=C([N+](=O)[O-])C=C1 | Target: 1 | Attribution: 0.348 | Prediction: 0.976 | MW: 494.5 || c_albicans Example: CHEMBL4163729 | SMILES: O=C(/C=C/C1=C2C=CC=CC2=CC=C1OCC1=CN(C2=CC=C(F)C=C2)N=N1)C1=CC=C([N+](=O)[O-])C=C1 | Target: 1 | Attribution: 0.348 | Prediction: 0.976 | MW: 494.5 || e_coli Example: CHEMBL4175469 | SMILES: O=C(/C=C/C1=C2C=CC=CC2=CC=C1OCC1=CN(CC2=CC=CC=C2)N=N1)C1=CC=C([N+](=O)[O-])C=C1 | Target: 1 | Attribution: 0.296 | Prediction: 0.964 | MW: 490.5 || e_coli Example: CHEMBL4175469 | SMILES: O=C(/C=C/C1=C2C=CC=CC2=CC=C1OCC1=CN(CC2=CC=CC=C2)N=N1)C1=CC=C([N+](=O)[O-])C=C1 | Target: 1 | Attribution: 0.296 | Prediction: 0.964 | MW: 490.5
POSITIVE SUBSTITUENTS,12,211054,COC1=C(/C=C/C(=O)C2=CC=C(Br)C=C2)C2=CC=CC=C2C=C1,C. albicans + E. coli (NOT S. aureus),2,12,12,0,0,0,0.2918,0.3622,100.00,c_albicans: 100.0% positive (6/6) | Range: 0.345 to 0.362 || c_albicans: 100.0% positive (6/6) | Range: 0.345 to 0.362 || c_albicans: 100.0% positive (6/6) | Range: 0.345 to 0.362 || c_albicans: 100.0% positive (6/6) | Range: 0.345 to 0.362 || c_albicans: 100.0% positive (6/6) | Range: 0.345 to 0.362 || c_albicans: 100.0% positive (6/6) | Range: 0.345 to 0.362 || c_albicans: 100.0% positive (6/6) | Range: 0.345 to 0.362 || c_albicans: 100.0% positive (6/6) | Range: 0.345 to 0.362 || c_albicans: 100.0% positive (6/6) | Range: 0.345 to 0.362 || c_albicans: 100.0% positive (6/6) | Range: 0.345 to 0.362 || c_albicans: 100.0% positive (6/6) | Range: 0.345 to 0.362 || c_albicans: 100.0% positive (6/6) | Range: 0.345 to 0.362 || e_coli: 100.0% positive (6/6) | Range: 0.197 to 0.253 || e_coli: 100.0% positive (6/6) | Range: 0.197 to 0.253 || e_coli: 100.0% positive (6/6) | Range: 0.197 to 0.253 || e_coli: 100.0% positive (6/6) | Range: 0.197 to 0.253 || e_coli: 100.0% positive (6/6) | Range: 0.197 to 0.253 || e_coli: 100.0% positive (6/6) | Range: 0.197 to 0.253 || e_coli: 100.0% positive (6/6) | Range: 0.197 to 0.253 || e_coli: 100.0% positive (6/6) | Range: 0.197 to 0.253 || e_coli: 100.0% positive (6/6) | Range: 0.197 to 0.253 || e_coli: 100.0% positive (6/6) | Range: 0.197 to 0.253 || e_coli: 100.0% positive (6/6) | Range: 0.197 to 0.253 || e_coli: 100.0% positive (6/6) | Range: 0.197 to 0.253,c_albicans Example: CHEMBL4176118 | SMILES: O=C(/C=C/C1=C2C=CC=CC2=CC=C1OCC1=CN(C2=CC=C(F)C=C2)N=N1)C1=CC=C(Br)C=C1 | Target: 1 | Attribution: 0.362 | Prediction: 0.982 | MW: 528.4 || c_albicans Example: CHEMBL4176118 | SMILES: O=C(/C=C/C1=C2C=CC=CC2=CC=C1OCC1=CN(C2=CC=C(F)C=C2)N=N1)C1=CC=C(Br)C=C1 | Target: 1 | Attribution: 0.362 | Prediction: 0.982 | MW: 528.4 || e_coli Example: CHEMBL4172288 | SMILES: O=C(/C=C/C1=C2C=CC=CC2=CC=C1OCC1=CN(CC2=CC=CC=C2F)N=N1)C1=CC=C(Br)C=C1 | Target: 1 | Attribution: 0.253 | Prediction: 0.962 | MW: 542.4 || e_coli Example: CHEMBL4172288 | SMILES: O=C(/C=C/C1=C2C=CC=CC2=CC=C1OCC1=CN(CC2=CC=CC=C2F)N=N1)C1=CC=C(Br)C=C1 | Target: 1 | Attribution: 0.253 | Prediction: 0.962 | MW: 542.4
POSITIVE SUBSTITUENTS,13,205441,COC1=CC=C(C(=O)/C=C/C2=C(OC)C=CC3=CC=CC=C23)C=C1,C. albicans + E. coli (NOT S. aureus),2,12,12,0,0,0,0.2911,0.3322,100.00,c_albicans: 100.0% positive (6/6) | Range: 0.278 to 0.332 || c_albicans: 100.0% positive (6/6) | Range: 0.278 to 0.332 || c_albicans: 100.0% positive (6/6) | Range: 0.278 to 0.332 || c_albicans: 100.0% positive (6/6) | Range: 0.278 to 0.332 || c_albicans: 100.0% positive (6/6) | Range: 0.278 to 0.332 || c_albicans: 100.0% positive (6/6) | Range: 0.278 to 0.332 || c_albicans: 100.0% positive (6/6) | Range: 0.278 to 0.332 || c_albicans: 100.0% positive (6/6) | Range: 0.278 to 0.332 || c_albicans: 100.0% positive (6/6) | Range: 0.278 to 0.332 || c_albicans: 100.0% positive (6/6) | Range: 0.278 to 0.332 || c_albicans: 100.0% positive (6/6) | Range: 0.278 to 0.332 || c_albicans: 100.0% positive (6/6) | Range: 0.278 to 0.332 || e_coli: 100.0% positive (6/6) | Range: 0.255 to 0.301 || e_coli: 100.0% positive (6/6) | Range: 0.255 to 0.301 || e_coli: 100.0% positive (6/6) | Range: 0.255 to 0.301 || e_coli: 100.0% positive (6/6) | Range: 0.255 to 0.301 || e_coli: 100.0% positive (6/6) | Range: 0.255 to 0.301 || e_coli: 100.0% positive (6/6) | Range: 0.255 to 0.301 || e_coli: 100.0% positive (6/6) | Range: 0.255 to 0.301 || e_coli: 100.0% positive (6/6) | Range: 0.255 to 0.301 || e_coli: 100.0% positive (6/6) | Range: 0.255 to 0.301 || e_coli: 100.0% positive (6/6) | Range: 0.255 to 0.301 || e_coli: 100.0% positive (6/6) | Range: 0.255 to 0.301 || e_coli: 100.0% positive (6/6) | Range: 0.255 to 0.301,c_albicans Example: CHEMBL4160363 | SMILES: COC1=CC=C(C(=O)/C=C/C2=C3C=CC=CC3=CC=C2OCC2=CN(C3=CC=C(F)C=C3)N=N2)C=C1 | Target: 1 | Attribution: 0.332 | Prediction: 0.981 | MW: 479.5 || c_albicans Example: CHEMBL4160363 | SMILES: COC1=CC=C(C(=O)/C=C/C2=C3C=CC=CC3=CC=C2OCC2=CN(C3=CC=C(F)C=C3)N=N2)C=C1 | Target: 1 | Attribution: 0.332 | Prediction: 0.981 | MW: 479.5 || e_coli Example: CHEMBL4162064 | SMILES: COC1=CC=C(C(=O)/C=C/C2=C3C=CC=CC3=CC=C2OCC2=CN(CC3=CC=CC=C3F)N=N2)C=C1 | Target: 1 | Attribution: 0.301 | Prediction: 0.953 | MW: 493.5 || e_coli Example: CHEMBL4162064 | SMILES: COC1=CC=C(C(=O)/C=C/C2=C3C=CC=CC3=CC=C2OCC2=CN(CC3=CC=CC=C3F)N=N2)C=C1 | Target: 1 | Attribution: 0.301 | Prediction: 0.953 | MW: 493.5
POSITIVE SUBSTITUENTS,14,209272,CCCCCCCCCNCCC,C. albicans + E. coli (NOT S. aureus),2,11,11,0,0,0,0.3073,0.3808,100.00,c_albicans: 100.0% positive (5/5) | Range: 0.245 to 0.381 || c_albicans: 100.0% positive (5/5) | Range: 0.245 to 0.381 || c_albicans: 100.0% positive (5/5) | Range: 0.245 to 0.381 || c_albicans: 100.0% positive (5/5) | Range: 0.245 to 0.381 || c_albicans: 100.0% positive (5/5) | Range: 0.245 to 0.381 || c_albicans: 100.0% positive (5/5) | Range: 0.245 to 0.381 || c_albicans: 100.0% positive (5/5) | Range: 0.245 to 0.381 || c_albicans: 100.0% positive (5/5) | Range: 0.245 to 0.381 || c_albicans: 100.0% positive (5/5) | Range: 0.245 to 0.381 || c_albicans: 100.0% positive (5/5) | Range: 0.245 to 0.381 || c_albicans: 100.0% positive (5/5) | Range: 0.245 to 0.381 || e_coli: 66.7% positive (6/9) | Range: -0.381 to 0.304 || e_coli: 66.7% positive (6/9) | Range: -0.381 to 0.304 || e_coli: 66.7% positive (6/9) | Range: -0.381 to 0.304 || e_coli: 66.7% positive (6/9) | Range: -0.381 to 0.304 || e_coli: 66.7% positive (6/9) | Range: -0.381 to 0.304 || e_coli: 66.7% positive (6/9) | Range: -0.381 to 0.304 || e_coli: 66.7% positive (6/9) | Range: -0.381 to 0.304 || e_coli: 66.7% positive (6/9) | Range: -0.381 to 0.304 || e_coli: 66.7% positive (6/9) | Range: -0.381 to 0.304 || e_coli: 66.7% positive (6/9) | Range: -0.381 to 0.304 || e_coli: 66.7% positive (6/9) | Range: -0.381 to 0.304,c_albicans Example: CHEMBL5416013 | SMILES: CCCCCCCCCN1CCCC2=CC(OCC(=O)N[C@@H](CCCNC(=N)N)C(=O)OC)=CC=C21 | Target: 1 | Attribution: 0.381 | Prediction: 0.857 | MW: 503.7 || c_albicans Example: CHEMBL5416013 | SMILES: CCCCCCCCCN1CCCC2=CC(OCC(=O)N[C@@H](CCCNC(=N)N)C(=O)OC)=CC=C21 | Target: 1 | Attribution: 0.381 | Prediction: 0.857 | MW: 503.7 || e_coli Example: CHEMBL5432140 | SMILES: CCCCCCCCCN1CCCC2=CC(OCC(=O)N[C@@H](CCCNC(=N)N)C(=O)N[C@@H](CCCNC(=N)N)C(N)=O)=CC=C21 | Target: 1 | Attribution: 0.304 | Prediction: 0.711 | MW: 644.9 || e_coli Example: CHEMBL5432140 | SMILES: CCCCCCCCCN1CCCC2=CC(OCC(=O)N[C@@H](CCCNC(=N)N)C(=O)N[C@@H](CCCNC(=N)N)C(N)=O)=CC=C21 | Target: 1 | Attribution: 0.304 | Prediction: 0.711 | MW: 644.9
POSITIVE SUBSTITUENTS,15,213252,CC1=CC=C(S(=O)(=O)NC(N)=S)C=C1,C. albicans + E. coli (NOT S. aureus),2,11,11,0,0,0,0.2512,0.3808,100.00,c_albicans: 100.0% positive (7/7) | Range: 0.381 to 0.381 || c_albicans: 100.0% positive (7/7) | Range: 0.381 to 0.381 || c_albicans: 100.0% positive (7/7) | Range: 0.381 to 0.381 || c_albicans: 100.0% positive (7/7) | Range: 0.381 to 0.381 || c_albicans: 100.0% positive (7/7) | Range: 0.381 to 0.381 || c_albicans: 100.0% positive (7/7) | Range: 0.381 to 0.381 || c_albicans: 100.0% positive (7/7) | Range: 0.381 to 0.381 || c_albicans: 100.0% positive (7/7) | Range: 0.381 to 0.381 || c_albicans: 100.0% positive (7/7) | Range: 0.381 to 0.381 || c_albicans: 100.0% positive (7/7) | Range: 0.381 to 0.381 || c_albicans: 100.0% positive (7/7) | Range: 0.381 to 0.381 || e_coli: 57.1% positive (4/7) | Range: 0.062 to 0.146 || e_coli: 57.1% positive (4/7) | Range: 0.062 to 0.146 || e_coli: 57.1% positive (4/7) | Range: 0.062 to 0.146 || e_coli: 57.1% positive (4/7) | Range: 0.062 to 0.146 || e_coli: 57.1% positive (4/7) | Range: 0.062 to 0.146 || e_coli: 57.1% positive (4/7) | Range: 0.062 to 0.146 || e_coli: 57.1% positive (4/7) | Range: 0.062 to 0.146 || e_coli: 57.1% positive (4/7) | Range: 0.062 to 0.146 || e_coli: 57.1% positive (4/7) | Range: 0.062 to 0.146 || e_coli: 57.1% positive (4/7) | Range: 0.062 to 0.146 || e_coli: 57.1% positive (4/7) | Range: 0.062 to 0.146,c_albicans Example: CHEMBL5394219 | SMILES: CC1=CC=C(S(=O)(=O)NC(=S)NC2=NN=C(CC(C)C)S2)C=C1 | Target: 1 | Attribution: 0.381 | Prediction: 0.690 | MW: 370.5 || c_albicans Example: CHEMBL5394219 | SMILES: CC1=CC=C(S(=O)(=O)NC(=S)NC2=NN=C(CC(C)C)S2)C=C1 | Target: 1 | Attribution: 0.381 | Prediction: 0.690 | MW: 370.5 || e_coli Example: CHEMBL5415519 | SMILES: CC1=CC=C(S(=O)(=O)NC(=S)NC2=NN=C(C)S2)C=C1 | Target: 1 | Attribution: 0.146 | Prediction: 0.741 | MW: 328.4 || e_coli Example: CHEMBL5415519 | SMILES: CC1=CC=C(S(=O)(=O)NC(=S)NC2=NN=C(C)S2)C=C1 | Target: 1 | Attribution: 0.146 | Prediction: 0.741 | MW: 328.4
POSITIVE SUBSTITUENTS,16,206316,FC1=CC=C(C2=CN3C=CC=NC3=N2)C=C1,C. albicans + E. coli (NOT S. aureus),2,11,11,0,0,0,0.2026,0.3359,100.00,c_albicans: 33.3% positive (3/9) | Range: -0.245 to 0.336 || c_albicans: 33.3% positive (3/9) | Range: -0.245 to 0.336 || c_albicans: 33.3% positive (3/9) | Range: -0.245 to 0.336 || c_albicans: 33.3% positive (3/9) | Range: -0.245 to 0.336 || c_albicans: 33.3% positive (3/9) | Range: -0.245 to 0.336 || c_albicans: 33.3% positive (3/9) | Range: -0.245 to 0.336 || c_albicans: 33.3% positive (3/9) | Range: -0.245 to 0.336 || c_albicans: 33.3% positive (3/9) | Range: -0.245 to 0.336 || c_albicans: 33.3% positive (3/9) | Range: -0.245 to 0.336 || c_albicans: 33.3% positive (3/9) | Range: -0.245 to 0.336 || c_albicans: 33.3% positive (3/9) | Range: -0.245 to 0.336 || e_coli: 80.0% positive (8/10) | Range: 0.094 to 0.216 || e_coli: 80.0% positive (8/10) | Range: 0.094 to 0.216 || e_coli: 80.0% positive (8/10) | Range: 0.094 to 0.216 || e_coli: 80.0% positive (8/10) | Range: 0.094 to 0.216 || e_coli: 80.0% positive (8/10) | Range: 0.094 to 0.216 || e_coli: 80.0% positive (8/10) | Range: 0.094 to 0.216 || e_coli: 80.0% positive (8/10) | Range: 0.094 to 0.216 || e_coli: 80.0% positive (8/10) | Range: 0.094 to 0.216 || e_coli: 80.0% positive (8/10) | Range: 0.094 to 0.216 || e_coli: 80.0% positive (8/10) | Range: 0.094 to 0.216 || e_coli: 80.0% positive (8/10) | Range: 0.094 to 0.216,c_albicans Example: CHEMBL4593163 | SMILES: CN(C)S(=O)(=O)N1CCCN(C2=NC3=NC(C4=CC=C(F)C=C4)=CN3C=C2)CC1 | Target: 1 | Attribution: 0.336 | Prediction: 0.778 | MW: 418.5 || c_albicans Example: CHEMBL4593163 | SMILES: CN(C)S(=O)(=O)N1CCCN(C2=NC3=NC(C4=CC=C(F)C=C4)=CN3C=C2)CC1 | Target: 1 | Attribution: 0.336 | Prediction: 0.778 | MW: 418.5 || e_coli Example: CHEMBL4516386 | SMILES: N#CC1=CC=C(S(=O)(=O)N2CCCN(C3=NC4=NC(C5=CC=C(F)C=C5)=CN4C=C3)CC2)C=C1 | Target: 1 | Attribution: 0.216 | Prediction: 0.820 | MW: 476.5 || e_coli Example: CHEMBL4516386 | SMILES: N#CC1=CC=C(S(=O)(=O)N2CCCN(C3=NC4=NC(C5=CC=C(F)C=C5)=CN4C=C3)CC2)C=C1 | Target: 1 | Attribution: 0.216 | Prediction: 0.820 | MW: 476.5
POSITIVE SUBSTITUENTS,17,206989,C-C-C(OCCCCNC(=N)N)-C,C. albicans + E. coli (NOT S. aureus),2,9,9,0,0,0,0.3554,0.3808,100.00,c_albicans: 100.0% positive (3/3) | Range: 0.348 to 0.360 || c_albicans: 100.0% positive (3/3) | Range: 0.348 to 0.360 || c_albicans: 100.0% positive (3/3) | Range: 0.348 to 0.360 || c_albicans: 100.0% positive (3/3) | Range: 0.348 to 0.360 || c_albicans: 100.0% positive (3/3) | Range: 0.348 to 0.360 || c_albicans: 100.0% positive (3/3) | Range: 0.348 to 0.360 || c_albicans: 100.0% positive (3/3) | Range: 0.348 to 0.360 || c_albicans: 100.0% positive (3/3) | Range: 0.348 to 0.360 || c_albicans: 100.0% positive (3/3) | Range: 0.348 to 0.360 || e_coli: 100.0% positive (6/6) | Range: 0.305 to 0.381 || e_coli: 100.0% positive (6/6) | Range: 0.305 to 0.381 || e_coli: 100.0% positive (6/6) | Range: 0.305 to 0.381 || e_coli: 100.0% positive (6/6) | Range: 0.305 to 0.381 || e_coli: 100.0% positive (6/6) | Range: 0.305 to 0.381 || e_coli: 100.0% positive (6/6) | Range: 0.305 to 0.381 || e_coli: 100.0% positive (6/6) | Range: 0.305 to 0.381 || e_coli: 100.0% positive (6/6) | Range: 0.305 to 0.381 || e_coli: 100.0% positive (6/6) | Range: 0.305 to 0.381,c_albicans Example: CHEMBL5426776 | SMILES: CCCCCCCCCN1CCCC2=CC(OCCCCNC(=N)N)=CC=C21 | Target: 1 | Attribution: 0.360 | Prediction: 0.933 | MW: 388.6 || c_albicans Example: CHEMBL5426776 | SMILES: CCCCCCCCCN1CCCC2=CC(OCCCCNC(=N)N)=CC=C21 | Target: 1 | Attribution: 0.360 | Prediction: 0.933 | MW: 388.6 || e_coli Example: CHEMBL5431268 | SMILES: N=C(N)NCCCCOC1=CC=C2C(=C1)CCCN2CCCC(F)(F)F | Target: 1 | Attribution: 0.381 | Prediction: 0.642 | MW: 372.4 || e_coli Example: CHEMBL5431268 | SMILES: N=C(N)NCCCCOC1=CC=C2C(=C1)CCCN2CCCC(F)(F)F | Target: 1 | Attribution: 0.381 | Prediction: 0.642 | MW: 372.4
POSITIVE SUBSTITUENTS,18,213693,O=C-NC1=CC=C(Cl)C=C1,C. albicans + E. coli (NOT S. aureus),2,8,8,0,0,0,0.3698,0.3808,100.00,c_albicans: 100.0% positive (4/4) | Range: 0.341 to 0.381 || c_albicans: 100.0% positive (4/4) | Range: 0.341 to 0.381 || c_albicans: 100.0% positive (4/4) | Range: 0.341 to 0.381 || c_albicans: 100.0% positive (4/4) | Range: 0.341 to 0.381 || c_albicans: 100.0% positive (4/4) | Range: 0.341 to 0.381 || c_albicans: 100.0% positive (4/4) | Range: 0.341 to 0.381 || c_albicans: 100.0% positive (4/4) | Range: 0.341 to 0.381 || c_albicans: 100.0% positive (4/4) | Range: 0.341 to 0.381 || e_coli: 100.0% positive (4/4) | Range: 0.359 to 0.381 || e_coli: 100.0% positive (4/4) | Range: 0.359 to 0.381 || e_coli: 100.0% positive (4/4) | Range: 0.359 to 0.381 || e_coli: 100.0% positive (4/4) | Range: 0.359 to 0.381 || e_coli: 100.0% positive (4/4) | Range: 0.359 to 0.381 || e_coli: 100.0% positive (4/4) | Range: 0.359 to 0.381 || e_coli: 100.0% positive (4/4) | Range: 0.359 to 0.381 || e_coli: 100.0% positive (4/4) | Range: 0.359 to 0.381,c_albicans Example: CHEMBL511322 | SMILES: CC1=CC=CC=C1C1=NN=C2N(C3=CC=C(Cl)C=C3)C(=O)C3=CC=CC=C3N12 | Target: 1 | Attribution: 0.381 | Prediction: 0.900 | MW: 386.8 || c_albicans Example: CHEMBL511322 | SMILES: CC1=CC=CC=C1C1=NN=C2N(C3=CC=C(Cl)C=C3)C(=O)C3=CC=CC=C3N12 | Target: 1 | Attribution: 0.381 | Prediction: 0.900 | MW: 386.8 || e_coli Example: CHEMBL515911 | SMILES: O=C1C2=CC=CC=C2N2C(C3=CC=CC=C3Cl)=NN=C2N1C1=CC=C(Cl)C=C1 | Target: 1 | Attribution: 0.381 | Prediction: 0.894 | MW: 407.3 || e_coli Example: CHEMBL515911 | SMILES: O=C1C2=CC=CC=C2N2C(C3=CC=CC=C3Cl)=NN=C2N1C1=CC=C(Cl)C=C1 | Target: 1 | Attribution: 0.381 | Prediction: 0.894 | MW: 407.3
POSITIVE SUBSTITUENTS,19,211983,COC1=CC=C(N-C=O)C=C1,C. albicans + E. coli (NOT S. aureus),2,8,8,0,0,0,0.3680,0.3808,100.00,c_albicans: 100.0% positive (4/4) | Range: 0.353 to 0.381 || c_albicans: 100.0% positive (4/4) | Range: 0.353 to 0.381 || c_albicans: 100.0% positive (4/4) | Range: 0.353 to 0.381 || c_albicans: 100.0% positive (4/4) | Range: 0.353 to 0.381 || c_albicans: 100.0% positive (4/4) | Range: 0.353 to 0.381 || c_albicans: 100.0% positive (4/4) | Range: 0.353 to 0.381 || c_albicans: 100.0% positive (4/4) | Range: 0.353 to 0.381 || c_albicans: 100.0% positive (4/4) | Range: 0.353 to 0.381 || e_coli: 100.0% positive (4/4) | Range: 0.342 to 0.373 || e_coli: 100.0% positive (4/4) | Range: 0.342 to 0.373 || e_coli: 100.0% positive (4/4) | Range: 0.342 to 0.373 || e_coli: 100.0% positive (4/4) | Range: 0.342 to 0.373 || e_coli: 100.0% positive (4/4) | Range: 0.342 to 0.373 || e_coli: 100.0% positive (4/4) | Range: 0.342 to 0.373 || e_coli: 100.0% positive (4/4) | Range: 0.342 to 0.373 || e_coli: 100.0% positive (4/4) | Range: 0.342 to 0.373,c_albicans Example: CHEMBL513392 | SMILES: COC1=CC=C(N2C(=O)C3=CC=CC=C3N3C(C4=CC=CC=C4Cl)=NN=C23)C=C1 | Target: 1 | Attribution: 0.381 | Prediction: 0.914 | MW: 402.8 || c_albicans Example: CHEMBL513392 | SMILES: COC1=CC=C(N2C(=O)C3=CC=CC=C3N3C(C4=CC=CC=C4Cl)=NN=C23)C=C1 | Target: 1 | Attribution: 0.381 | Prediction: 0.914 | MW: 402.8 || e_coli Example: CHEMBL513392 | SMILES: COC1=CC=C(N2C(=O)C3=CC=CC=C3N3C(C4=CC=CC=C4Cl)=NN=C23)C=C1 | Target: 1 | Attribution: 0.373 | Prediction: 0.882 | MW: 402.8 || e_coli Example: CHEMBL513392 | SMILES: COC1=CC=C(N2C(=O)C3=CC=CC=C3N3C(C4=CC=CC=C4Cl)=NN=C23)C=C1 | Target: 1 | Attribution: 0.373 | Prediction: 0.882 | MW: 402.8
POSITIVE SUBSTITUENTS,20,132044,CNCCOP(=O)(NC(CC1=CC=CC=C1)C(=O)OC)OC1=CC=CC=C1,C. albicans + E. coli (NOT S. aureus),2,8,8,0,0,0,0.3397,0.3808,100.00,c_albicans: 100.0% positive (4/4) | Range: 0.377 to 0.381 || c_albicans: 100.0% positive (4/4) | Range: 0.377 to 0.381 || c_albicans: 100.0% positive (4/4) | Range: 0.377 to 0.381 || c_albicans: 100.0% positive (4/4) | Range: 0.377 to 0.381 || c_albicans: 100.0% positive (4/4) | Range: 0.377 to 0.381 || c_albicans: 100.0% positive (4/4) | Range: 0.377 to 0.381 || c_albicans: 100.0% positive (4/4) | Range: 0.377 to 0.381 || c_albicans: 100.0% positive (4/4) | Range: 0.377 to 0.381 || e_coli: 100.0% positive (4/4) | Range: 0.275 to 0.313 || e_coli: 100.0% positive (4/4) | Range: 0.275 to 0.313 || e_coli: 100.0% positive (4/4) | Range: 0.275 to 0.313 || e_coli: 100.0% positive (4/4) | Range: 0.275 to 0.313 || e_coli: 100.0% positive (4/4) | Range: 0.275 to 0.313 || e_coli: 100.0% positive (4/4) | Range: 0.275 to 0.313 || e_coli: 100.0% positive (4/4) | Range: 0.275 to 0.313 || e_coli: 100.0% positive (4/4) | Range: 0.275 to 0.313,c_albicans Example: CHEMBL3759666 | SMILES: COC(=O)C(CC1=CC=CC=C1)NP(=O)(OCCN(C)C1=CC(=O)OC2=CC=CC=C12)OC1=CC=CC=C1 | Target: 1 | Attribution: 0.381 | Prediction: 0.750 | MW: 536.5 || c_albicans Example: CHEMBL3759666 | SMILES: COC(=O)C(CC1=CC=CC=C1)NP(=O)(OCCN(C)C1=CC(=O)OC2=CC=CC=C12)OC1=CC=CC=C1 | Target: 1 | Attribution: 0.381 | Prediction: 0.750 | MW: 536.5 || e_coli Example: CHEMBL3758858 | SMILES: COC(=O)C(CC1=CC=CC=C1)NP(=O)(OCCN(C)C1=CC(=O)OC2=CC=C(C)C=C12)OC1=CC=CC=C1 | Target: 1 | Attribution: 0.313 | Prediction: 0.642 | MW: 550.5 || e_coli Example: CHEMBL3758858 | SMILES: COC(=O)C(CC1=CC=CC=C1)NP(=O)(OCCN(C)C1=CC(=O)OC2=CC=C(C)C=C12)OC1=CC=CC=C1 | Target: 1 | Attribution: 0.313 | Prediction: 0.642 | MW: 550.5
POSITIVE SUBSTITUENTS,21,132048,COC(=O)C(N)CC1=CC=CC=C1,C. albicans + E. coli (NOT S. aureus),2,8,8,0,0,0,0.3373,0.3568,100.00,c_albicans: 100.0% positive (4/4) | Range: 0.344 to 0.357 || c_albicans: 100.0% positive (4/4) | Range: 0.344 to 0.357 || c_albicans: 100.0% positive (4/4) | Range: 0.344 to 0.357 || c_albicans: 100.0% positive (4/4) | Range: 0.344 to 0.357 || c_albicans: 100.0% positive (4/4) | Range: 0.344 to 0.357 || c_albicans: 100.0% positive (4/4) | Range: 0.344 to 0.357 || c_albicans: 100.0% positive (4/4) | Range: 0.344 to 0.357 || c_albicans: 100.0% positive (4/4) | Range: 0.344 to 0.357 || e_coli: 100.0% positive (4/4) | Range: 0.311 to 0.344 || e_coli: 100.0% positive (4/4) | Range: 0.311 to 0.344 || e_coli: 100.0% positive (4/4) | Range: 0.311 to 0.344 || e_coli: 100.0% positive (4/4) | Range: 0.311 to 0.344 || e_coli: 100.0% positive (4/4) | Range: 0.311 to 0.344 || e_coli: 100.0% positive (4/4) | Range: 0.311 to 0.344 || e_coli: 100.0% positive (4/4) | Range: 0.311 to 0.344 || e_coli: 100.0% positive (4/4) | Range: 0.311 to 0.344,c_albicans Example: CHEMBL3759594 | SMILES: COC(=O)C(CC1=CC=CC=C1)NP(=O)(OCCN(C)C1=CC(=O)OC2=CC=C(C(C)(C)C)C=C12)OC1=CC=CC=C1 | Target: 1 | Attribution: 0.357 | Prediction: 0.703 | MW: 592.6 || c_albicans Example: CHEMBL3759594 | SMILES: COC(=O)C(CC1=CC=CC=C1)NP(=O)(OCCN(C)C1=CC(=O)OC2=CC=C(C(C)(C)C)C=C12)OC1=CC=CC=C1 | Target: 1 | Attribution: 0.357 | Prediction: 0.703 | MW: 592.6 || e_coli Example: CHEMBL3759594 | SMILES: COC(=O)C(CC1=CC=CC=C1)NP(=O)(OCCN(C)C1=CC(=O)OC2=CC=C(C(C)(C)C)C=C12)OC1=CC=CC=C1 | Target: 1 | Attribution: 0.344 | Prediction: 0.706 | MW: 592.6 || e_coli Example: CHEMBL3759594 | SMILES: COC(=O)C(CC1=CC=CC=C1)NP(=O)(OCCN(C)C1=CC(=O)OC2=CC=C(C(C)(C)C)C=C12)OC1=CC=CC=C1 | Target: 1 | Attribution: 0.344 | Prediction: 0.706 | MW: 592.6
POSITIVE SUBSTITUENTS,22,208423,C-C-C(OCCCCCCCCNC(=N)N)-C,C. albicans + E. coli (NOT S. aureus),2,8,8,0,0,0,0.3358,0.3808,100.00,c_albicans: 100.0% positive (4/4) | Range: 0.350 to 0.381 || c_albicans: 100.0% positive (4/4) | Range: 0.350 to 0.381 || c_albicans: 100.0% positive (4/4) | Range: 0.350 to 0.381 || c_albicans: 100.0% positive (4/4) | Range: 0.350 to 0.381 || c_albicans: 100.0% positive (4/4) | Range: 0.350 to 0.381 || c_albicans: 100.0% positive (4/4) | Range: 0.350 to 0.381 || c_albicans: 100.0% positive (4/4) | Range: 0.350 to 0.381 || c_albicans: 100.0% positive (4/4) | Range: 0.350 to 0.381 || e_coli: 100.0% positive (4/4) | Range: 0.280 to 0.319 || e_coli: 100.0% positive (4/4) | Range: 0.280 to 0.319 || e_coli: 100.0% positive (4/4) | Range: 0.280 to 0.319 || e_coli: 100.0% positive (4/4) | Range: 0.280 to 0.319 || e_coli: 100.0% positive (4/4) | Range: 0.280 to 0.319 || e_coli: 100.0% positive (4/4) | Range: 0.280 to 0.319 || e_coli: 100.0% positive (4/4) | Range: 0.280 to 0.319 || e_coli: 100.0% positive (4/4) | Range: 0.280 to 0.319,c_albicans Example: CHEMBL5417179 | SMILES: CCCCCCCCCN1CCCC2=CC(OCCCCCCCCNC(=N)N)=CC=C21 | Target: 1 | Attribution: 0.381 | Prediction: 0.939 | MW: 444.7 || c_albicans Example: CHEMBL5417179 | SMILES: CCCCCCCCCN1CCCC2=CC(OCCCCCCCCNC(=N)N)=CC=C21 | Target: 1 | Attribution: 0.381 | Prediction: 0.939 | MW: 444.7 || e_coli Example: CHEMBL5440738 | SMILES: CC(C)=CCN1CCCC2=CC(OCCCCCCCCNC(=N)N)=CC=C21 | Target: 1 | Attribution: 0.319 | Prediction: 0.882 | MW: 386.6 || e_coli Example: CHEMBL5440738 | SMILES: CC(C)=CCN1CCCC2=CC(OCCCCCCCCNC(=N)N)=CC=C21 | Target: 1 | Attribution: 0.319 | Prediction: 0.882 | MW: 386.6
POSITIVE SUBSTITUENTS,23,209727,CCN1CCN(C2=CC=C(Cl)C=C2)CC1,C. albicans + E. coli (NOT S. aureus),2,8,8,0,0,0,0.3335,0.3808,100.00,c_albicans: 55.6% positive (5/9) | Range: 0.072 to 0.381 || c_albicans: 55.6% positive (5/9) | Range: 0.072 to 0.381 || c_albicans: 55.6% positive (5/9) | Range: 0.072 to 0.381 || c_albicans: 55.6% positive (5/9) | Range: 0.072 to 0.381 || c_albicans: 55.6% positive (5/9) | Range: 0.072 to 0.381 || c_albicans: 55.6% positive (5/9) | Range: 0.072 to 0.381 || c_albicans: 55.6% positive (5/9) | Range: 0.072 to 0.381 || c_albicans: 55.6% positive (5/9) | Range: 0.072 to 0.381 || e_coli: 100.0% positive (3/3) | Range: 0.381 to 0.381 || e_coli: 100.0% positive (3/3) | Range: 0.381 to 0.381 || e_coli: 100.0% positive (3/3) | Range: 0.381 to 0.381 || e_coli: 100.0% positive (3/3) | Range: 0.381 to 0.381 || e_coli: 100.0% positive (3/3) | Range: 0.381 to 0.381 || e_coli: 100.0% positive (3/3) | Range: 0.381 to 0.381 || e_coli: 100.0% positive (3/3) | Range: 0.381 to 0.381 || e_coli: 100.0% positive (3/3) | Range: 0.381 to 0.381,c_albicans Example: CHEMBL2298856 | SMILES: COC1=CC=C(C2=NN(CCN3CCN(C4=CC=C(Cl)C=C4)CC3)C(=O)C=C2)C=C1 | Target: 1 | Attribution: 0.381 | Prediction: 0.980 | MW: 424.9 || c_albicans Example: CHEMBL2298856 | SMILES: COC1=CC=C(C2=NN(CCN3CCN(C4=CC=C(Cl)C=C4)CC3)C(=O)C=C2)C=C1 | Target: 1 | Attribution: 0.381 | Prediction: 0.980 | MW: 424.9 || e_coli Example: CHEMBL2298852 | SMILES: O=C1C=CC(C2=CC=CC=C2)=NN1CCN1CCN(C2=CC=C(Cl)C=C2)CC1 | Target: 1 | Attribution: 0.381 | Prediction: 0.890 | MW: 394.9 || e_coli Example: CHEMBL2298852 | SMILES: O=C1C=CC(C2=CC=CC=C2)=NN1CCN1CCN(C2=CC=C(Cl)C=C2)CC1 | Target: 1 | Attribution: 0.381 | Prediction: 0.890 | MW: 394.9
POSITIVE SUBSTITUENTS,24,206210,C=N/C1=NN=C(C)S1,C. albicans + E. coli (NOT S. aureus),2,8,8,0,0,0,0.3302,0.3808,100.00,c_albicans: 100.0% positive (4/4) | Range: 0.269 to 0.289 || c_albicans: 100.0% positive (4/4) | Range: 0.269 to 0.289 || c_albicans: 100.0% positive (4/4) | Range: 0.269 to 0.289 || c_albicans: 100.0% positive (4/4) | Range: 0.269 to 0.289 || c_albicans: 100.0% positive (4/4) | Range: 0.269 to 0.289 || c_albicans: 100.0% positive (4/4) | Range: 0.269 to 0.289 || c_albicans: 100.0% positive (4/4) | Range: 0.269 to 0.289 || c_albicans: 100.0% positive (4/4) | Range: 0.269 to 0.289 || e_coli: 100.0% positive (4/4) | Range: 0.375 to 0.381 || e_coli: 100.0% positive (4/4) | Range: 0.375 to 0.381 || e_coli: 100.0% positive (4/4) | Range: 0.375 to 0.381 || e_coli: 100.0% positive (4/4) | Range: 0.375 to 0.381 || e_coli: 100.0% positive (4/4) | Range: 0.375 to 0.381 || e_coli: 100.0% positive (4/4) | Range: 0.375 to 0.381 || e_coli: 100.0% positive (4/4) | Range: 0.375 to 0.381 || e_coli: 100.0% positive (4/4) | Range: 0.375 to 0.381,c_albicans Example: CHEMBL2260534 | SMILES: CC1=NN=C(/N=C/C2=C([O-])ON=[N+]2C2=CC=C(Cl)C=C2)S1 | Target: 1 | Attribution: 0.289 | Prediction: 0.978 | MW: 321.7 || c_albicans Example: CHEMBL2260534 | SMILES: CC1=NN=C(/N=C/C2=C([O-])ON=[N+]2C2=CC=C(Cl)C=C2)S1 | Target: 1 | Attribution: 0.289 | Prediction: 0.978 | MW: 321.7 || e_coli Example: CHEMBL2260534 | SMILES: CC1=NN=C(/N=C/C2=C([O-])ON=[N+]2C2=CC=C(Cl)C=C2)S1 | Target: 1 | Attribution: 0.381 | Prediction: 0.961 | MW: 321.7 || e_coli Example: CHEMBL2260534 | SMILES: CC1=NN=C(/N=C/C2=C([O-])ON=[N+]2C2=CC=C(Cl)C=C2)S1 | Target: 1 | Attribution: 0.381 | Prediction: 0.961 | MW: 321.7
POSITIVE SUBSTITUENTS,25,143356,CCN1CCN(C2=CC=C(F)C=C2)CC1,C. albicans + E. coli (NOT S. aureus),2,9,8,1,0,0,0.3241,0.3808,87.50,c_albicans: 55.6% positive (5/9) | Range: 0.072 to 0.381 || c_albicans: 55.6% positive (5/9) | Range: 0.072 to 0.381 || c_albicans: 55.6% positive (5/9) | Range: 0.072 to 0.381 || c_albicans: 55.6% positive (5/9) | Range: 0.072 to 0.381 || c_albicans: 55.6% positive (5/9) | Range: 0.072 to 0.381 || c_albicans: 55.6% positive (5/9) | Range: 0.072 to 0.381 || c_albicans: 55.6% positive (5/9) | Range: 0.072 to 0.381 || c_albicans: 55.6% positive (5/9) | Range: 0.072 to 0.381 || c_albicans: 55.6% positive (5/9) | Range: 0.072 to 0.381 || e_coli: 100.0% positive (4/4) | Range: 0.310 to 0.381 || e_coli: 100.0% positive (4/4) | Range: 0.310 to 0.381 || e_coli: 100.0% positive (4/4) | Range: 0.310 to 0.381 || e_coli: 100.0% positive (4/4) | Range: 0.310 to 0.381 || e_coli: 100.0% positive (4/4) | Range: 0.310 to 0.381 || e_coli: 100.0% positive (4/4) | Range: 0.310 to 0.381 || e_coli: 100.0% positive (4/4) | Range: 0.310 to 0.381 || e_coli: 100.0% positive (4/4) | Range: 0.310 to 0.381 || e_coli: 100.0% positive (4/4) | Range: 0.310 to 0.381,c_albicans Example: CHEMBL2298853 | SMILES: O=C1C=CC(C2=CC=CC=C2)=NN1CCN1CCN(C2=CC=C(F)C=C2)CC1 | Target: 1 | Attribution: 0.381 | Prediction: 0.968 | MW: 378.5 || c_albicans Example: CHEMBL2298853 | SMILES: O=C1C=CC(C2=CC=CC=C2)=NN1CCN1CCN(C2=CC=C(F)C=C2)CC1 | Target: 1 | Attribution: 0.381 | Prediction: 0.968 | MW: 378.5 || e_coli Example: CHEMBL2298861 | SMILES: O=C1C=CC(C2=CC=C(Cl)C=C2)=NN1CCN1CCN(C2=CC=C(F)C=C2)CC1 | Target: 1 | Attribution: 0.381 | Prediction: 0.927 | MW: 412.9 || e_coli Example: CHEMBL2298861 | SMILES: O=C1C=CC(C2=CC=C(Cl)C=C2)=NN1CCN1CCN(C2=CC=C(F)C=C2)CC1 | Target: 1 | Attribution: 0.381 | Prediction: 0.927 | MW: 412.9
POSITIVE SUBSTITUENTS,26,150795,CCN1CCN(C2=CC=C(OC)C=C2)CC1,C. albicans + E. coli (NOT S. aureus),2,9,8,1,0,0,0.3150,0.3808,87.50,c_albicans: 55.6% positive (5/9) | Range: 0.072 to 0.381 || c_albicans: 55.6% positive (5/9) | Range: 0.072 to 0.381 || c_albicans: 55.6% positive (5/9) | Range: 0.072 to 0.381 || c_albicans: 55.6% positive (5/9) | Range: 0.072 to 0.381 || c_albicans: 55.6% positive (5/9) | Range: 0.072 to 0.381 || c_albicans: 55.6% positive (5/9) | Range: 0.072 to 0.381 || c_albicans: 55.6% positive (5/9) | Range: 0.072 to 0.381 || c_albicans: 55.6% positive (5/9) | Range: 0.072 to 0.381 || c_albicans: 55.6% positive (5/9) | Range: 0.072 to 0.381 || e_coli: 100.0% positive (4/4) | Range: 0.228 to 0.381 || e_coli: 100.0% positive (4/4) | Range: 0.228 to 0.381 || e_coli: 100.0% positive (4/4) | Range: 0.228 to 0.381 || e_coli: 100.0% positive (4/4) | Range: 0.228 to 0.381 || e_coli: 100.0% positive (4/4) | Range: 0.228 to 0.381 || e_coli: 100.0% positive (4/4) | Range: 0.228 to 0.381 || e_coli: 100.0% positive (4/4) | Range: 0.228 to 0.381 || e_coli: 100.0% positive (4/4) | Range: 0.228 to 0.381 || e_coli: 100.0% positive (4/4) | Range: 0.228 to 0.381,c_albicans Example: CHEMBL2298854 | SMILES: COC1=CC=C(N2CCN(CCN3N=C(C4=CC=CC=C4)C=CC3=O)CC2)C=C1 | Target: 1 | Attribution: 0.381 | Prediction: 0.958 | MW: 390.5 || c_albicans Example: CHEMBL2298854 | SMILES: COC1=CC=C(N2CCN(CCN3N=C(C4=CC=CC=C4)C=CC3=O)CC2)C=C1 | Target: 1 | Attribution: 0.381 | Prediction: 0.958 | MW: 390.5 || e_coli Example: CHEMBL2298854 | SMILES: COC1=CC=C(N2CCN(CCN3N=C(C4=CC=CC=C4)C=CC3=O)CC2)C=C1 | Target: 1 | Attribution: 0.381 | Prediction: 0.858 | MW: 390.5 || e_coli Example: CHEMBL2298854 | SMILES: COC1=CC=C(N2CCN(CCN3N=C(C4=CC=CC=C4)C=CC3=O)CC2)C=C1 | Target: 1 | Attribution: 0.381 | Prediction: 0.858 | MW: 390.5
POSITIVE SUBSTITUENTS,27,205011,C=N/C1=NN=C(C2=CC=CC=C2)S1,C. albicans + E. coli (NOT S. aureus),2,8,8,0,0,0,0.2935,0.3775,100.00,c_albicans: 100.0% positive (4/4) | Range: 0.198 to 0.221 || c_albicans: 100.0% positive (4/4) | Range: 0.198 to 0.221 || c_albicans: 100.0% positive (4/4) | Range: 0.198 to 0.221 || c_albicans: 100.0% positive (4/4) | Range: 0.198 to 0.221 || c_albicans: 100.0% positive (4/4) | Range: 0.198 to 0.221 || c_albicans: 100.0% positive (4/4) | Range: 0.198 to 0.221 || c_albicans: 100.0% positive (4/4) | Range: 0.198 to 0.221 || c_albicans: 100.0% positive (4/4) | Range: 0.198 to 0.221 || e_coli: 100.0% positive (4/4) | Range: 0.370 to 0.378 || e_coli: 100.0% positive (4/4) | Range: 0.370 to 0.378 || e_coli: 100.0% positive (4/4) | Range: 0.370 to 0.378 || e_coli: 100.0% positive (4/4) | Range: 0.370 to 0.378 || e_coli: 100.0% positive (4/4) | Range: 0.370 to 0.378 || e_coli: 100.0% positive (4/4) | Range: 0.370 to 0.378 || e_coli: 100.0% positive (4/4) | Range: 0.370 to 0.378 || e_coli: 100.0% positive (4/4) | Range: 0.370 to 0.378,c_albicans Example: CHEMBL2260309 | SMILES: COC1=CC=C([N+]2=NOC([O-])=C2/C=N/C2=NN=C(C3=CC=CC=C3)S2)C=C1 | Target: 1 | Attribution: 0.221 | Prediction: 0.977 | MW: 379.4 || c_albicans Example: CHEMBL2260309 | SMILES: COC1=CC=C([N+]2=NOC([O-])=C2/C=N/C2=NN=C(C3=CC=CC=C3)S2)C=C1 | Target: 1 | Attribution: 0.221 | Prediction: 0.977 | MW: 379.4 || e_coli Example: CHEMBL2260310 | SMILES: [O-]C1=C(/C=N/C2=NN=C(C3=CC=CC=C3)S2)[N+](C2=CC=C(Cl)C=C2)=NO1 | Target: 1 | Attribution: 0.378 | Prediction: 0.968 | MW: 383.8 || e_coli Example: CHEMBL2260310 | SMILES: [O-]C1=C(/C=N/C2=NN=C(C3=CC=CC=C3)S2)[N+](C2=CC=C(Cl)C=C2)=NO1 | Target: 1 | Attribution: 0.378 | Prediction: 0.968 | MW: 383.8
POSITIVE SUBSTITUENTS,28,211554,CC1=CC=C(N-C=O)C=C1,C. albicans + E. coli (NOT S. aureus),2,7,7,0,0,0,0.3705,0.3808,100.00,c_albicans: 100.0% positive (3/3) | Range: 0.353 to 0.381 || c_albicans: 100.0% positive (3/3) | Range: 0.353 to 0.381 || c_albicans: 100.0% positive (3/3) | Range: 0.353 to 0.381 || c_albicans: 100.0% positive (3/3) | Range: 0.353 to 0.381 || c_albicans: 100.0% positive (3/3) | Range: 0.353 to 0.381 || c_albicans: 100.0% positive (3/3) | Range: 0.353 to 0.381 || c_albicans: 100.0% positive (3/3) | Range: 0.353 to 0.381 || e_coli: 100.0% positive (4/4) | Range: 0.356 to 0.379 || e_coli: 100.0% positive (4/4) | Range: 0.356 to 0.379 || e_coli: 100.0% positive (4/4) | Range: 0.356 to 0.379 || e_coli: 100.0% positive (4/4) | Range: 0.356 to 0.379 || e_coli: 100.0% positive (4/4) | Range: 0.356 to 0.379 || e_coli: 100.0% positive (4/4) | Range: 0.356 to 0.379 || e_coli: 100.0% positive (4/4) | Range: 0.356 to 0.379,c_albicans Example: CHEMBL511640 | SMILES: CC1=CC=C(N2C(=O)C3=CC=CC=C3N3C(C4=CC=CC=C4C)=NN=C23)C=C1 | Target: 1 | Attribution: 0.381 | Prediction: 0.867 | MW: 366.4 || c_albicans Example: CHEMBL511640 | SMILES: CC1=CC=C(N2C(=O)C3=CC=CC=C3N3C(C4=CC=CC=C4C)=NN=C23)C=C1 | Target: 1 | Attribution: 0.381 | Prediction: 0.867 | MW: 366.4 || e_coli Example: CHEMBL511467 | SMILES: CC1=CC=C(N2C(=O)C3=CC=CC=C3N3C(C4=CC=CC=C4Cl)=NN=C23)C=C1 | Target: 1 | Attribution: 0.379 | Prediction: 0.890 | MW: 386.8 || e_coli Example: CHEMBL511467 | SMILES: CC1=CC=C(N2C(=O)C3=CC=CC=C3N3C(C4=CC=CC=C4Cl)=NN=C23)C=C1 | Target: 1 | Attribution: 0.379 | Prediction: 0.890 | MW: 386.8
POSITIVE SUBSTITUENTS,29,207893,CCCCCCCNCCC,C. albicans + E. coli (NOT S. aureus),2,7,7,0,0,0,0.3358,0.3808,100.00,c_albicans: 100.0% positive (3/3) | Range: 0.331 to 0.381 || c_albicans: 100.0% positive (3/3) | Range: 0.331 to 0.381 || c_albicans: 100.0% positive (3/3) | Range: 0.331 to 0.381 || c_albicans: 100.0% positive (3/3) | Range: 0.331 to 0.381 || c_albicans: 100.0% positive (3/3) | Range: 0.331 to 0.381 || c_albicans: 100.0% positive (3/3) | Range: 0.331 to 0.381 || c_albicans: 100.0% positive (3/3) | Range: 0.331 to 0.381 || e_coli: 57.1% positive (4/7) | Range: -0.381 to 0.345 || e_coli: 57.1% positive (4/7) | Range: -0.381 to 0.345 || e_coli: 57.1% positive (4/7) | Range: -0.381 to 0.345 || e_coli: 57.1% positive (4/7) | Range: -0.381 to 0.345 || e_coli: 57.1% positive (4/7) | Range: -0.381 to 0.345 || e_coli: 57.1% positive (4/7) | Range: -0.381 to 0.345 || e_coli: 57.1% positive (4/7) | Range: -0.381 to 0.345,c_albicans Example: CHEMBL5412716 | SMILES: CCCCCCCN1CCCC2=CC(OCCCCNC(=N)N)=CC=C21 | Target: 1 | Attribution: 0.381 | Prediction: 0.828 | MW: 360.5 || c_albicans Example: CHEMBL5412716 | SMILES: CCCCCCCN1CCCC2=CC(OCCCCNC(=N)N)=CC=C21 | Target: 1 | Attribution: 0.381 | Prediction: 0.828 | MW: 360.5 || e_coli Example: CHEMBL5438115 | SMILES: CCCCCCCN1CCCC2=CC(OCC(=O)N[C@@H](CCCNC(=N)N)C(=O)N[C@@H](CCCNC(=N)N)C(=O)OC)=CC=C21 | Target: 1 | Attribution: 0.345 | Prediction: 0.821 | MW: 631.8 || e_coli Example: CHEMBL5438115 | SMILES: CCCCCCCN1CCCC2=CC(OCC(=O)N[C@@H](CCCNC(=N)N)C(=O)N[C@@H](CCCNC(=N)N)C(=O)OC)=CC=C21 | Target: 1 | Attribution: 0.345 | Prediction: 0.821 | MW: 631.8
POSITIVE SUBSTITUENTS,30,217147,C#CCOC-C-C,C. albicans + E. coli (NOT S. aureus),2,6,6,0,0,0,0.3769,0.3808,100.00,c_albicans: 100.0% positive (3/3) | Range: 0.381 to 0.381 || c_albicans: 100.0% positive (3/3) | Range: 0.381 to 0.381 || c_albicans: 100.0% positive (3/3) | Range: 0.381 to 0.381 || c_albicans: 100.0% positive (3/3) | Range: 0.381 to 0.381 || c_albicans: 100.0% positive (3/3) | Range: 0.381 to 0.381 || c_albicans: 100.0% positive (3/3) | Range: 0.381 to 0.381 || e_coli: 100.0% positive (3/3) | Range: 0.370 to 0.375 || e_coli: 100.0% positive (3/3) | Range: 0.370 to 0.375 || e_coli: 100.0% positive (3/3) | Range: 0.370 to 0.375 || e_coli: 100.0% positive (3/3) | Range: 0.370 to 0.375 || e_coli: 100.0% positive (3/3) | Range: 0.370 to 0.375 || e_coli: 100.0% positive (3/3) | Range: 0.370 to 0.375,c_albicans Example: CHEMBL4177393 | SMILES: C#CCOC1=CC=C2C=CC=CC2=C1/C=C/C(=O)C1=CC=C([N+](=O)[O-])C=C1 | Target: 1 | Attribution: 0.381 | Prediction: 0.853 | MW: 357.4 || c_albicans Example: CHEMBL4177393 | SMILES: C#CCOC1=CC=C2C=CC=CC2=C1/C=C/C(=O)C1=CC=C([N+](=O)[O-])C=C1 | Target: 1 | Attribution: 0.381 | Prediction: 0.853 | MW: 357.4 || e_coli Example: CHEMBL4177393 | SMILES: C#CCOC1=CC=C2C=CC=CC2=C1/C=C/C(=O)C1=CC=C([N+](=O)[O-])C=C1 | Target: 1 | Attribution: 0.375 | Prediction: 0.465 | MW: 357.4 || e_coli Example: CHEMBL4177393 | SMILES: C#CCOC1=CC=C2C=CC=CC2=C1/C=C/C(=O)C1=CC=C([N+](=O)[O-])C=C1 | Target: 1 | Attribution: 0.375 | Prediction: 0.465 | MW: 357.4
POSITIVE SUBSTITUENTS,31,215598,O=C(-NC1=CC=C(Cl)C=C1)C1=CC=CC=C1,C. albicans + E. coli (NOT S. aureus),2,6,6,0,0,0,0.3202,0.3734,100.00,c_albicans: 100.0% positive (3/3) | Range: 0.343 to 0.373 || c_albicans: 100.0% positive (3/3) | Range: 0.343 to 0.373 || c_albicans: 100.0% positive (3/3) | Range: 0.343 to 0.373 || c_albicans: 100.0% positive (3/3) | Range: 0.343 to 0.373 || c_albicans: 100.0% positive (3/3) | Range: 0.343 to 0.373 || c_albicans: 100.0% positive (3/3) | Range: 0.343 to 0.373 || e_coli: 100.0% positive (3/3) | Range: 0.270 to 0.291 || e_coli: 100.0% positive (3/3) | Range: 0.270 to 0.291 || e_coli: 100.0% positive (3/3) | Range: 0.270 to 0.291 || e_coli: 100.0% positive (3/3) | Range: 0.270 to 0.291 || e_coli: 100.0% positive (3/3) | Range: 0.270 to 0.291 || e_coli: 100.0% positive (3/3) | Range: 0.270 to 0.291,c_albicans Example: CHEMBL470924 | SMILES: O=C1C2=CC=CC=C2N2C(C3=CC=CC=C3)=NN=C2N1C1=CC=C(Cl)C=C1 | Target: 1 | Attribution: 0.373 | Prediction: 0.850 | MW: 372.8 || c_albicans Example: CHEMBL470924 | SMILES: O=C1C2=CC=CC=C2N2C(C3=CC=CC=C3)=NN=C2N1C1=CC=C(Cl)C=C1 | Target: 1 | Attribution: 0.373 | Prediction: 0.850 | MW: 372.8 || e_coli Example: CHEMBL515911 | SMILES: O=C1C2=CC=CC=C2N2C(C3=CC=CC=C3Cl)=NN=C2N1C1=CC=C(Cl)C=C1 | Target: 1 | Attribution: 0.291 | Prediction: 0.894 | MW: 407.3 || e_coli Example: CHEMBL515911 | SMILES: O=C1C2=CC=CC=C2N2C(C3=CC=CC=C3Cl)=NN=C2N1C1=CC=C(Cl)C=C1 | Target: 1 | Attribution: 0.291 | Prediction: 0.894 | MW: 407.3
POSITIVE SUBSTITUENTS,32,211982,COC1=CC=C(N-C(=O)C2=CC=CC=C2)C=C1,C. albicans + E. coli (NOT S. aureus),2,6,6,0,0,0,0.3156,0.3668,100.00,c_albicans: 100.0% positive (3/3) | Range: 0.340 to 0.367 || c_albicans: 100.0% positive (3/3) | Range: 0.340 to 0.367 || c_albicans: 100.0% positive (3/3) | Range: 0.340 to 0.367 || c_albicans: 100.0% positive (3/3) | Range: 0.340 to 0.367 || c_albicans: 100.0% positive (3/3) | Range: 0.340 to 0.367 || c_albicans: 100.0% positive (3/3) | Range: 0.340 to 0.367 || e_coli: 100.0% positive (3/3) | Range: 0.267 to 0.282 || e_coli: 100.0% positive (3/3) | Range: 0.267 to 0.282 || e_coli: 100.0% positive (3/3) | Range: 0.267 to 0.282 || e_coli: 100.0% positive (3/3) | Range: 0.267 to 0.282 || e_coli: 100.0% positive (3/3) | Range: 0.267 to 0.282 || e_coli: 100.0% positive (3/3) | Range: 0.267 to 0.282,c_albicans Example: CHEMBL513392 | SMILES: COC1=CC=C(N2C(=O)C3=CC=CC=C3N3C(C4=CC=CC=C4Cl)=NN=C23)C=C1 | Target: 1 | Attribution: 0.367 | Prediction: 0.914 | MW: 402.8 || c_albicans Example: CHEMBL513392 | SMILES: COC1=CC=C(N2C(=O)C3=CC=CC=C3N3C(C4=CC=CC=C4Cl)=NN=C23)C=C1 | Target: 1 | Attribution: 0.367 | Prediction: 0.914 | MW: 402.8 || e_coli Example: CHEMBL513392 | SMILES: COC1=CC=C(N2C(=O)C3=CC=CC=C3N3C(C4=CC=CC=C4Cl)=NN=C23)C=C1 | Target: 1 | Attribution: 0.282 | Prediction: 0.882 | MW: 402.8 || e_coli Example: CHEMBL513392 | SMILES: COC1=CC=C(N2C(=O)C3=CC=CC=C3N3C(C4=CC=CC=C4Cl)=NN=C23)C=C1 | Target: 1 | Attribution: 0.282 | Prediction: 0.882 | MW: 402.8
POSITIVE SUBSTITUENTS,33,212428,O=C(-NC1=CC=CC=C1)C1=CC=CC=C1,C. albicans + E. coli (NOT S. aureus),2,6,6,0,0,0,0.3143,0.3774,100.00,c_albicans: 100.0% positive (3/3) | Range: 0.339 to 0.377 || c_albicans: 100.0% positive (3/3) | Range: 0.339 to 0.377 || c_albicans: 100.0% positive (3/3) | Range: 0.339 to 0.377 || c_albicans: 100.0% positive (3/3) | Range: 0.339 to 0.377 || c_albicans: 100.0% positive (3/3) | Range: 0.339 to 0.377 || c_albicans: 100.0% positive (3/3) | Range: 0.339 to 0.377 || e_coli: 100.0% positive (3/3) | Range: 0.255 to 0.292 || e_coli: 100.0% positive (3/3) | Range: 0.255 to 0.292 || e_coli: 100.0% positive (3/3) | Range: 0.255 to 0.292 || e_coli: 100.0% positive (3/3) | Range: 0.255 to 0.292 || e_coli: 100.0% positive (3/3) | Range: 0.255 to 0.292 || e_coli: 100.0% positive (3/3) | Range: 0.255 to 0.292,c_albicans Example: CHEMBL511814 | SMILES: O=C1C2=CC=CC=C2N2C(C3=CC=CC=C3Cl)=NN=C2N1C1=CC=CC=C1 | Target: 1 | Attribution: 0.377 | Prediction: 0.888 | MW: 372.8 || c_albicans Example: CHEMBL511814 | SMILES: O=C1C2=CC=CC=C2N2C(C3=CC=CC=C3Cl)=NN=C2N1C1=CC=CC=C1 | Target: 1 | Attribution: 0.377 | Prediction: 0.888 | MW: 372.8 || e_coli Example: CHEMBL511814 | SMILES: O=C1C2=CC=CC=C2N2C(C3=CC=CC=C3Cl)=NN=C2N1C1=CC=CC=C1 | Target: 1 | Attribution: 0.292 | Prediction: 0.870 | MW: 372.8 || e_coli Example: CHEMBL511814 | SMILES: O=C1C2=CC=CC=C2N2C(C3=CC=CC=C3Cl)=NN=C2N1C1=CC=CC=C1 | Target: 1 | Attribution: 0.292 | Prediction: 0.870 | MW: 372.8
POSITIVE SUBSTITUENTS,34,205443,C-C-COCC1=CN(CC2=CC=CC=C2)N=N1,C. albicans + E. coli (NOT S. aureus),2,6,6,0,0,0,0.2128,0.2402,100.00,c_albicans: 100.0% positive (3/3) | Range: 0.231 to 0.240 || c_albicans: 100.0% positive (3/3) | Range: 0.231 to 0.240 || c_albicans: 100.0% positive (3/3) | Range: 0.231 to 0.240 || c_albicans: 100.0% positive (3/3) | Range: 0.231 to 0.240 || c_albicans: 100.0% positive (3/3) | Range: 0.231 to 0.240 || c_albicans: 100.0% positive (3/3) | Range: 0.231 to 0.240 || e_coli: 100.0% positive (3/3) | Range: 0.172 to 0.209 || e_coli: 100.0% positive (3/3) | Range: 0.172 to 0.209 || e_coli: 100.0% positive (3/3) | Range: 0.172 to 0.209 || e_coli: 100.0% positive (3/3) | Range: 0.172 to 0.209 || e_coli: 100.0% positive (3/3) | Range: 0.172 to 0.209 || e_coli: 100.0% positive (3/3) | Range: 0.172 to 0.209,c_albicans Example: CHEMBL4164407 | SMILES: O=C(/C=C/C1=C2C=CC=CC2=CC=C1OCC1=CN(CC2=CC=CC=C2)N=N1)C1=CC=C(Br)C=C1 | Target: 1 | Attribution: 0.240 | Prediction: 0.993 | MW: 524.4 || c_albicans Example: CHEMBL4164407 | SMILES: O=C(/C=C/C1=C2C=CC=CC2=CC=C1OCC1=CN(CC2=CC=CC=C2)N=N1)C1=CC=C(Br)C=C1 | Target: 1 | Attribution: 0.240 | Prediction: 0.993 | MW: 524.4 || e_coli Example: CHEMBL4164407 | SMILES: O=C(/C=C/C1=C2C=CC=CC2=CC=C1OCC1=CN(CC2=CC=CC=C2)N=N1)C1=CC=C(Br)C=C1 | Target: 1 | Attribution: 0.209 | Prediction: 0.964 | MW: 524.4 || e_coli Example: CHEMBL4164407 | SMILES: O=C(/C=C/C1=C2C=CC=CC2=CC=C1OCC1=CN(CC2=CC=CC=C2)N=N1)C1=CC=C(Br)C=C1 | Target: 1 | Attribution: 0.209 | Prediction: 0.964 | MW: 524.4
POSITIVE SUBSTITUENTS,35,211883,C-C-COCC1=CN(CC2=CC=C(F)C=C2)N=N1,C. albicans + E. coli (NOT S. aureus),2,6,6,0,0,0,0.1868,0.2129,100.00,c_albicans: 100.0% positive (3/3) | Range: 0.207 to 0.213 || c_albicans: 100.0% positive (3/3) | Range: 0.207 to 0.213 || c_albicans: 100.0% positive (3/3) | Range: 0.207 to 0.213 || c_albicans: 100.0% positive (3/3) | Range: 0.207 to 0.213 || c_albicans: 100.0% positive (3/3) | Range: 0.207 to 0.213 || c_albicans: 100.0% positive (3/3) | Range: 0.207 to 0.213 || e_coli: 100.0% positive (3/3) | Range: 0.141 to 0.188 || e_coli: 100.0% positive (3/3) | Range: 0.141 to 0.188 || e_coli: 100.0% positive (3/3) | Range: 0.141 to 0.188 || e_coli: 100.0% positive (3/3) | Range: 0.141 to 0.188 || e_coli: 100.0% positive (3/3) | Range: 0.141 to 0.188 || e_coli: 100.0% positive (3/3) | Range: 0.141 to 0.188,c_albicans Example: CHEMBL4167434 | SMILES: COC1=CC=C(C(=O)/C=C/C2=C3C=CC=CC3=CC=C2OCC2=CN(CC3=CC=C(F)C=C3)N=N2)C=C1 | Target: 1 | Attribution: 0.213 | Prediction: 0.993 | MW: 493.5 || c_albicans Example: CHEMBL4167434 | SMILES: COC1=CC=C(C(=O)/C=C/C2=C3C=CC=CC3=CC=C2OCC2=CN(CC3=CC=C(F)C=C3)N=N2)C=C1 | Target: 1 | Attribution: 0.213 | Prediction: 0.993 | MW: 493.5 || e_coli Example: CHEMBL4168925 | SMILES: O=C(/C=C/C1=C2C=CC=CC2=CC=C1OCC1=CN(CC2=CC=C(F)C=C2)N=N1)C1=CC=C(Br)C=C1 | Target: 1 | Attribution: 0.188 | Prediction: 0.970 | MW: 542.4 || e_coli Example: CHEMBL4168925 | SMILES: O=C(/C=C/C1=C2C=CC=CC2=CC=C1OCC1=CN(CC2=CC=C(F)C=C2)N=N1)C1=CC=C(Br)C=C1 | Target: 1 | Attribution: 0.188 | Prediction: 0.970 | MW: 542.4
POSITIVE SUBSTITUENTS,36,218093,C-C-COCC1=CN(CC2=CC=CC=C2F)N=N1,C. albicans + E. coli (NOT S. aureus),2,6,6,0,0,0,0.1741,0.2161,100.00,c_albicans: 100.0% positive (3/3) | Range: 0.203 to 0.216 || c_albicans: 100.0% positive (3/3) | Range: 0.203 to 0.216 || c_albicans: 100.0% positive (3/3) | Range: 0.203 to 0.216 || c_albicans: 100.0% positive (3/3) | Range: 0.203 to 0.216 || c_albicans: 100.0% positive (3/3) | Range: 0.203 to 0.216 || c_albicans: 100.0% positive (3/3) | Range: 0.203 to 0.216 || e_coli: 100.0% positive (3/3) | Range: 0.118 to 0.163 || e_coli: 100.0% positive (3/3) | Range: 0.118 to 0.163 || e_coli: 100.0% positive (3/3) | Range: 0.118 to 0.163 || e_coli: 100.0% positive (3/3) | Range: 0.118 to 0.163 || e_coli: 100.0% positive (3/3) | Range: 0.118 to 0.163 || e_coli: 100.0% positive (3/3) | Range: 0.118 to 0.163,c_albicans Example: CHEMBL4172288 | SMILES: O=C(/C=C/C1=C2C=CC=CC2=CC=C1OCC1=CN(CC2=CC=CC=C2F)N=N1)C1=CC=C(Br)C=C1 | Target: 1 | Attribution: 0.216 | Prediction: 0.992 | MW: 542.4 || c_albicans Example: CHEMBL4172288 | SMILES: O=C(/C=C/C1=C2C=CC=CC2=CC=C1OCC1=CN(CC2=CC=CC=C2F)N=N1)C1=CC=C(Br)C=C1 | Target: 1 | Attribution: 0.216 | Prediction: 0.992 | MW: 542.4 || e_coli Example: CHEMBL4172288 | SMILES: O=C(/C=C/C1=C2C=CC=CC2=CC=C1OCC1=CN(CC2=CC=CC=C2F)N=N1)C1=CC=C(Br)C=C1 | Target: 1 | Attribution: 0.163 | Prediction: 0.962 | MW: 542.4 || e_coli Example: CHEMBL4172288 | SMILES: O=C(/C=C/C1=C2C=CC=CC2=CC=C1OCC1=CN(CC2=CC=CC=C2F)N=N1)C1=CC=C(Br)C=C1 | Target: 1 | Attribution: 0.163 | Prediction: 0.962 | MW: 542.4
POSITIVE SUBSTITUENTS,37,213108,C-C-COCC1=CN(CC2=CC=CC(F)=C2)N=N1,C. albicans + E. coli (NOT S. aureus),2,6,6,0,0,0,0.1618,0.1933,100.00,c_albicans: 100.0% positive (3/3) | Range: 0.181 to 0.193 || c_albicans: 100.0% positive (3/3) | Range: 0.181 to 0.193 || c_albicans: 100.0% positive (3/3) | Range: 0.181 to 0.193 || c_albicans: 100.0% positive (3/3) | Range: 0.181 to 0.193 || c_albicans: 100.0% positive (3/3) | Range: 0.181 to 0.193 || c_albicans: 100.0% positive (3/3) | Range: 0.181 to 0.193 || e_coli: 100.0% positive (3/3) | Range: 0.116 to 0.156 || e_coli: 100.0% positive (3/3) | Range: 0.116 to 0.156 || e_coli: 100.0% positive (3/3) | Range: 0.116 to 0.156 || e_coli: 100.0% positive (3/3) | Range: 0.116 to 0.156 || e_coli: 100.0% positive (3/3) | Range: 0.116 to 0.156 || e_coli: 100.0% positive (3/3) | Range: 0.116 to 0.156,c_albicans Example: CHEMBL4161001 | SMILES: O=C(/C=C/C1=C2C=CC=CC2=CC=C1OCC1=CN(CC2=CC=CC(F)=C2)N=N1)C1=CC=C(Br)C=C1 | Target: 1 | Attribution: 0.193 | Prediction: 0.993 | MW: 542.4 || c_albicans Example: CHEMBL4161001 | SMILES: O=C(/C=C/C1=C2C=CC=CC2=CC=C1OCC1=CN(CC2=CC=CC(F)=C2)N=N1)C1=CC=C(Br)C=C1 | Target: 1 | Attribution: 0.193 | Prediction: 0.993 | MW: 542.4 || e_coli Example: CHEMBL4161001 | SMILES: O=C(/C=C/C1=C2C=CC=CC2=CC=C1OCC1=CN(CC2=CC=CC(F)=C2)N=N1)C1=CC=C(Br)C=C1 | Target: 1 | Attribution: 0.156 | Prediction: 0.968 | MW: 542.4 || e_coli Example: CHEMBL4161001 | SMILES: O=C(/C=C/C1=C2C=CC=CC2=CC=C1OCC1=CN(CC2=CC=CC(F)=C2)N=N1)C1=CC=C(Br)C=C1 | Target: 1 | Attribution: 0.156 | Prediction: 0.968 | MW: 542.4
